disaron:nom,disaron:theme
Ana1,COMPINT|AIDE|PROSP
Ana10,ALIMCOMP|ANAECO|ANASOC
Ana100,PROSP|AGROALIM|ALIMCOMP|IAAFIL
Ana100-en,PROSP|AGROALIM|ALIMCOMP|IAAFIL
Ana101,AGROENV|EVALPOL|AUTPRA
Ana102,PROSP|COMEXT|COMMER
Ana102-en,PROSP|COMEXT|COMMER
Ana103,PROSP|ALIMCOMP|ANASOC
Ana103-en,PROSP|ALIMCOMP|ANASOC
Ana104,AGROENV|ANAECO|EVALPOL
Ana105,AGROFORM|ANASOC|EVALPOL
Ana106,EVALPOL|AGROENV|ANAECO
Ana107,ANAECO|AGROALIM
Ana108,LAIT|TAILLE|ANAECO
Ana109,AGROFORM|AGROEMP|ANASOC
Ana11,LAIT|IAAFIL|ANAECO
Ana11-en,LAIT|IAAFIL|ANAECO
Ana110,PROSP|AGROFORM|AGROEMP
Ana111,COMPINT|AGROALIM|ALIMSECU
Ana111-en,COMPINT|AGROALIM|ALIMSECU
Ana112,COMPINT|AGROALIM|ANAECO
Ana112-en,COMPINT|AGROALIM|ANAECO
Ana113,PROSP|COMPINT|ALIMSECU
Ana113-en,PROSP|COMPINT|ALIMSECU
Ana114,COMPINT|TAILLE|STATUT
Ana115,COMPINT|AGROALIM|ANASOC
Ana115-en,COMPINT|AGROALIM|ANASOC
Ana116,EVALPOL|TISSU|IAAFIL
Ana117,EVALPOL|TISSU|IAAFIL
Ana118,EVALPOL|TISSU|IAAFIL
Ana119,AGROENV|EVALPOL|SOQO
Ana12,ALIMCOMP|ANAECO|ANASOC
Ana120,ALIMCOMP|SANTE|PROSP
Ana121,AGROENV|EVALPOL|IAAFIL
Ana122,PROSP|LAIT|ANAECO
Ana123,ALIMSECU|ALIMCOMP|EVALPOL
Ana124,EAU|ANAECO|AGROENV
Ana125,PROSP|BIO|ANAECO
Ana126,ANAECO|AGROENV|TISSU
Ana127,EVALPOL|BIO|ANAECO
Ana128,COMPINT|IAAFIL|TISSU
Ana129,COMPINT|ANAECO|COMEXT
Ana13,AIDE|IAAFIL|ALIMSECU
Ana13-en,AIDE|IAAFIL|ALIMSECU
Ana130,ALIMCOMP|SANTE|ANASOC
Ana131,LAIT|ANAECO|BIO
Ana132,ALIMCOMP|ANASOC|PROSP
Ana133,AGROEMP|ANASOC|EVALPOL
Ana134,ALIMCOMP|ANASOC|TOUTCHEP
Ana134_html,ALIMCOMP|ANASOC|TOUTCHEP
Ana135,SOQO|ANAECO|COMPINT
Ana136,ANAECO|COMPINT|TOUTCHEP
Ana137,ANAECO|RESFOR|BOISECO
Ana138,ANAECO|LAIT|COMPINT
Ana139,ANAECO|PROSP|NRJ
Ana14,SOCIO|AGROEMP|ANASOC
Ana14-en,SOCIO|AGROEMP|ANASOC
Ana140,PROSP|ANAECO|TIC
Ana141,PROSP|ANAECO|TIC
Ana141-en,PROSP|ANAECO|TIC
Ana142,EVALPOL|ALIMCOMP|ANAECO
Ana142-en,EVALPOL|ALIMCOMP|ANAECO
Ana143,RESFOR|RECBOIS|PROSP
Ana144,TOUTCHEP|ANASOC|SANTE
Ana145,AGROEMP
Ana145-en,AGROEMP|SOCIO|ANAECO
Ana146,BIO|DIVERS|PROSP
Ana147,BIO|RECBOIS|BOISECO|ANAECO
Ana148,AIDE|COMPINT|PROSP
Ana149,ANAECO|ALIMCOMP|TOUTCHEP
Ana15,FERTI|ANAECO|IAAFIL
Ana150,AGROENV|ANASOC|AGROFORM
Ana151,AGROENV|BIO|ANAECO
Ana152,ANAECO|TAILLE|SOCIO
Ana153,ANAECO|TAILLE|SOCIO
Ana154,ANAECO|TAILLE|SOCIO
Ana155,ALIMCOMP|ANASOC
Ana156,ANAECO|COMEXT|BOVIN
Ana157,BOVIN|ANAECO|PROSP
Ana158,COMPINT|COMEXT|ANAECO
Ana159,PROSP|ANASOC|CAPOV
Ana16,COMPINT|SOL|ALIMSECU
Ana160,AGROENV|BIO|GRAMEM
Ana161,AQUAPROD|AQUAECO|COMPINT
Ana162,EVALPOL|BIO|ANAECO
Ana163,AGROENV|BIO|TAILLE
Ana164,ALIMCOMP|TOUTCHEP|VEILLE
Ana164-en,ALIMCOMP|TOUTCHEP|VEILLE
Ana165,COMMER|AGROINST|BIO
Ana166,AGROENV|AIDE|EVALPOL
Ana167,BIO|SOL|AGROENV
Ana168,COMMER|RESECO|IAAFIL
Ana168-en ,ANAECO|COMMER|TOUTCHEP
Ana169,SOL|AGROENV|PROSP
Ana17,NRJ|PROSP|AGROENV
Ana17-en,NRJ|PROSP|AGROENV
Ana170,AGROENV|RESECO|TAILLE
Ana171,EQUIP|AGROEMP|TIC
Ana172,COMEXT|ANAECO|COMMER
Ana172 ,COMEXT|ANAECO|COMMER
Ana173,ANAECO|AGROENV|LAIT
Ana173-en,ANAECO|AGROENV|LAIT
Ana174,COMPINT|ANAECO|SOL
Ana174-en,COMPINT|ANAECO|SOL
Ana175,VEILLE|ANAECO|ANASOC
Ana176,AGROENV|FERTI|ANAECO
Ana177,NRJ|AGROENV|FERTI
Ana178,COMPINT|PROSP
Ana179,ANASOC|AIDE|EVALPOL
Ana18,SOL|ALIMSECU|PROSP
Ana180,IAAFIL|PRIX|ANAECO
Ana181,EAU|CLIMAT|PROSP
Ana182,ANAECO|AGROALIM|PRIX
Ana183,ANAECO|IAAFIL|PROSP
Ana184,TOUTCHEP|CLIMAT|SOL|EAU|NRJ|BIO|AIDE
Ana185,AGROEMP|SOCIO|ANASOC
Ana186,AGROENV|AUTANI|IAAFIL
Ana187,AGROENV|RESFOR|COMEXT
Ana188,HORTI|AGROENV|ALIMCOMP
Ana188_en,HORTI|AGROENV|ALIMCOMP
Ana189,SOQO|IAAFIL|EVALPOL
Ana19,EVALPOL|AIDE
Ana190,PROSP|ANASOC|EVALPOL
Ana191,VEILLE|PROSP|EVALPOL
Ana192,PROSP|BIO|IAAFIL
Ana193,AGROENV|GC|COMPINT
Ana194,PRAELEV|TOUTCHEP|SANTE
Ana195,SOQO|FERTI|PROSP
Ana196,PROSP|CLIMAT|AGROENV
Ana197,IAAENV|PROSP|ANAECO
Ana198,AGROENV|BIO|ANASOC
Ana199,BIO|TAILLE|DIVERS
Ana2,ANAECO|COMPINT|AIDE
Ana20,AIDE|ALIMSECU|EVALPOL
Ana200,SOQO|AGROALIM|ALIMCOMP
Ana201,ANAECO|TOUTCULT|IAAFIL
Ana202,EQUIP|TIC|ALIMCOMP
Ana203,AGROENV|AUTANI|IAAFIL
Ana204,RESFOR|PROSP|CLIMAT
Ana204_en,RESFOR|PROSP|CLIMAT
Ana205,ANASOC|EVALPOL
Ana206,ANASOC|VEILLE|EVALPOL
Ana207,COMEXT|CLIMAT|PROSP
Ana208,STATUT|RESECO|ANAECO
Ana209,PRAELEV|TOUTCHEP
Ana21,PROSP|EVALPOL|COMPINT
Ana21-en,PROSP|EVALPOL|COMPINT
Ana210,IAAFIL|COMPINT|LAIT
Ana211,BOISECO|PROSP|CLIMAT
Ana212,IAAFIL|COMPINT|LAIT
Ana213,AGROENV|AUTANI|TOUTCULT
Ana214,SOCIO|AGROINST|ANASOC
Ana215,SOCIO|AGROINST|AGROFORM
Ana216,SOCIO|AGROINST|ANASOC
Ana217,AGROEMP|AGROINST|ANASOC
Ana218,AGROEMP|AGROINST|ANASOC
Ana219,COMEXT|ANAECO|COMPINT
Ana22,BIO|SOCIO|ANASOC
Ana220,IAAFIL|COMPINT|AIDE
Ana221,AGROENV|SOQO|IAAFIL
Ana222,TISSU|IAAFIL|BOVIN
Ana223,ANASOC|AGROFORM|AGROEMP
Ana224,RESFOR|CLIMAT|PROSP
Ana225,FRUIT|LEGUME|CLIMAT
Ana226,COMPINT|PROSP|COMEXT
Ana23,RESECO|AIDE|ANAECO
Ana24,COMPINT|AGROENV|ALIMSECU
Ana25,ALIMSECU|SOCIO|AIDE
Ana26,PROSP|NRJ|AIDE|AGROENV
Ana27,ALIMCOMP|ALIMSECU|AGROALIM
Ana27-en,ALIMCOMP|ALIMSECU|AGROALIM
Ana28,PROSP|AGROALIM|ANAECO
Ana29,SANTE|AGROALIM|SOQO|ANASOC
Ana29-en,SANTE|AGROALIM|SOQO|ANASOC
Ana3,AGROENV|NRJ|IAAFIL|COMPINT
Ana30,COMPINT|AIDE|GC|ANAECO
Ana30-en,COMPINT|AIDE|GC|ANAECO
Ana31,ANAECO|IAAFIL|ANASOC
Ana31-en,ANAECO|IAAFIL|ANASOC
Ana32,SOCIO|TAILLE
Ana33,AIDE|COMPINT|EVALPOL
Ana34,COMPINT|ALIMSECU|AGROENV
Ana35,PROSP|BIO|IAAFIL
Ana36,ANAECO|IAAFIL
Ana36-en,ANAECO|IAAFIL
Ana37,AGROENV|AUTPRA|PROSP
Ana37-en,AGROENV|AUTPRA|PROSP
Ana38,SOCIO|AGROEMP|AGROFORM|ANASOC
Ana39,EVALPOL|BIO|AIDE
Ana4,PROT|AGROENV|EVALPOL
Ana4-en,PROT|AGROENV|EVALPOL
Ana40,EVALPOL|BIO|AIDE
Ana41,COMPINT|AGROENV|ANAECO
Ana41-en,COMPINT|AGROENV|ANAECO
Ana42,IAAFIL|AGROALIM|ANAECO
Ana43,GC|AIDE|EVALPOL
Ana44,ALIMSECU|COMPINT|ANAECO
Ana45,AIDE|PROT|EVALPOL
Ana46,CLIMAT|PROSP|AGROENV
Ana47,AIDE|AGROENV|BIO
Ana48,AIDE|EVALPOL|IAAENV
Ana49,AIDE|EQUIP|EVALPOL
Ana5,ALIMCOMP|ALIMSECU|PROSP
Ana50,SOQO|ANAECO|AGROENV
Ana51,AGROENV|SOL|ANASOC
Ana52,COMPINT|GC|IAAFIL
Ana52-en,COMPINT|GC|IAAFIL
Ana53,AGROENV|AIDE|EVALPOL
Ana54,SOCIO|TAILLE|ANASOC
Ana55,VITI|PROSP|BIO
Ana56,ALIMCOMP|SANTE|ANASOC
Ana57,AGROFORM|SOCIO|ANASOC
Ana58,PRAELEV|AUTANI|ANASOC
Ana58-en,PRAELEV|AUTANI|ANASOC
Ana59,AGROENV|AUTPRA|PROT
Ana59-en,AGROENV|AUTPRA|PROT
Ana6,COMPINT|PROSP|TIC
Ana60,AGROENV|AUTPRA|PROSP
Ana61,AGROENV|SOL|AUTPRA
Ana61-en,AGROENV|SOL|AUTPRA
Ana62,CLIMAT|PROSP|RESFOR
Ana62-en,CLIMAT|PROSP|RESFOR
Ana63,AGROENV|AUTPRA|AIDE|ANASOC
Ana64,ALIMCOMP|PROSP|ANASOC
Ana65,AIDE|TIC|COMPINT
Ana65-en,AIDE|TIC|COMPINT
Ana66,SANTE|PRAELEV|PROSP
Ana67,TIC|COMPINT|PROSP
Ana68,PROSP|EAU|AGROENV|AUTPRA
Ana68-en,PROSP|EAU|AGROENV|AUTPRA
Ana69,ALIMCOMP|AGROENV|ANASOC
Ana7,EVALPOL|TISSU|AGROALIM|BIO
Ana70,EVALPOL|RESFOR|AUTPRA
Ana71,AGROENV|COMPINT|AGROALIM|ANASOC
Ana72,AGROENV|AIDE|ANASOC
Ana73,CLIMAT|PROSP|AIDE
Ana73-en,CLIMAT|PROSP|AIDE
Ana74,AIDE|COMPINT|ANAECO
Ana74-en,AIDE|COMPINT|ANAECO
Ana75,BIO|EVALPOL|AGROENV|AUTPRA
Ana76,AGROENV|EVALPOL|BIO|AUTPRA
Ana77,EAU|PROSP|BIO
Ana78,ALIMCOMP|ALIMSECU|ANASOC
Ana79,PROT|FERTI|AGROENV
Ana8,AIDE|BIO|PROSP
Ana80,ALIMCOMP|TIC|IAAFIL
Ana81,BIO|AIDE|AGROEMP|AGROINST
Ana82,PRAELEV|SANTE|TIC
Ana83,FRUIT|EVALPOL|IAAFIL
Ana84,COMMER|FRUIT|LEGUME|ALIMCOMP|ANASOC
Ana85,COMPINT|SANTE|PROSP
Ana86,LAIT|TAILLE|ANAECO
Ana87,SANTE|COMPINT|ANASOC
Ana88,AGROINST|PROSP|BIO
Ana89,PROSP|CLIMAT|NRJ
Ana9,ANAECO|EVALPOL|PROSP
Ana90,SOCIO|AGROEMP|ANAECO
Ana91,COMPINT|AIDE|TAILLE
Ana92,AIDE|BIO|AGROINST
Ana93,PROSP|FERTI|AGROENV
Ana94,TOUTCHEP|PROSP|ANASOC
Ana95,PROSP|TOUTCHEP|ANASOC
Ana96,PROSP|COMPINT|GC|CLIMAT
Ana97,PROSP|ALIMCOMP|AGROALIM|ANASOC
Ana98,IAAFIL|AGROALIM|ALIMSECU
Ana99,EVALPOL|BIO|CAPOV
Aut-010,GRAMEM
Aut-011,GRAMEM
Aut-015,GRAMEM
Aut-016,SOCIO|AGROEMP|AGROFORM|AGROINST|ANASOC
Aut-017,GRAMEM
Aut-019,GRAMEM
Aut001,SOQO
Aut002,COMEXT
Aut003,TAILLE
Aut004-RA2020,ANAECO|ANASOC|GRAMEM
Aut005,ANAECO
Aut005-shinyapps.io_auto-appro,GRAMEM
Aut007 ,SOCIO
Aut014,ANAECO
BilanConj2012,GRAMEM
BilanConj2013,GRAMEM
BilanConj2014,GRAMEM
BilanConj2015,GRAMEM
BilanConj2016,GRAMEM
BilanConj2017,GRAMEM
BilanConj2018,GRAMEM
BilanConj2019,GRAMEM
BilanConj2020,GRAMEM
BilanConj2021,GRAMEM
BilanConj2022,GRAMEM
BilanConj2023,GRAMEM
BilanConj2024,GRAMEM
BilanConj2025,GRAMEM
BilanConj2025-annee-complete,GRAMEM
BulConj-2020_02,GRAMEM
BulConj-2020_03,GRAMEM
BulConj-2020_04,GRAMEM
BulConj-2020_05,GRAMEM
BulConj-2020_06,GRAMEM
BulConj-2020_07,GRAMEM
BulConj-2020_09,GRAMEM
BulConj-2020_10,GRAMEM
BulConj-2020_11,GRAMEM
BulConj-2020_12,GRAMEM
BulConj-2021_01,GRAMEM
BulConj-2021_02,GRAMEM
BulConj-2021_03,GRAMEM
BulConj-2021_04,GRAMEM
BulConj-2021_05,GRAMEM
BulConj-2021_06,GRAMEM
BulConj-2021_07,GRAMEM
BulConj-2021_09,GRAMEM
BulConj-2021_10,GRAMEM
BulConj-2021_11,GRAMEM
BulConj-2021_12,GRAMEM
BulConj-2022_01,GRAMEM
BulConj-2022_02,GRAMEM
BulConj-2022_03,GRAMEM
BulConj-2022_04,GRAMEM
BulConj-2022_05,GRAMEM
BulConj-2022_06,GRAMEM
BulConj-2022_07,GRAMEM
BulConj-2022_09,GRAMEM
BulConj-2022_10,GRAMEM
BulConj-2022_11,GRAMEM
BulConj-2022_12,GRAMEM
BulConj-2023_01,GRAMEM
BulConj-2023_02,GRAMEM
BulConj-2023_03,GRAMEM
BulConj-2023_04,GRAMEM
BulConj-2023_05,GRAMEM
BulConj-2023_06,GRAMEM
BulConj-2023_07,GRAMEM
BulConj-2023_09,GRAMEM
BulConj-2023_10,GRAMEM
BulConj-2023_11,GRAMEM
BulConj-2023_12,GRAMEM
BulConj-2024_01,GRAMEM
BulConj-2024_02,GRAMEM
BulConj-2024_03,GRAMEM
BulConj-2024_04,GRAMEM
BulConj-2024_05,GRAMEM
BulConj-2024_06,GRAMEM
BulConj-2024_07,GRAMEM
BulConj-2024_09,GRAMEM
BulConj-2024_10,GRAMEM
BulConj-2024_11,GRAMEM
BulConj-2024_12,GRAMEM
BulConj-2025_01,GRAMEM
BulConj-2025_02,GRAMEM
BulConj-2025_03,GRAMEM
BulConj-2025_04,GRAMEM
BulConj-2025_05,GRAMEM
BulConj-2025_06,GRAMEM
BulConj-2025_07,GRAMEM
BulConj-2025_09,GRAMEM
BulConj-2025_10,GRAMEM
BulConj-2025_11,GRAMEM
BulConj-2025_12,GRAMEM
BulConj-2026_01,GRAMEM
BulConj-2026_02,GRAMEM
Chd1901,TOUTCULT|TOUTCHEP
Chd1902,RESECO
Chd1903,PROT|FERTI|AUTPRA
Chd1904,TOUTCULT|TOUTCHEP
Chd1905,PROT
Chd1906,PRAELEV
Chd1907,RECBOIS
Chd1908,AQUASTRU|AQUAPROD
Chd1909,TIC
Chd1910,AGROALIM
Chd1911,IAAENV
Chd1912,IAAENV
Chd1913,AGROALIM|LAIT
Chd1914,IAAENV
Chd1915,IAAECO|TISSU
Chd1916,TOUTCULT|TOUTCHEP
Chd1917,RECBOIS
Chd1918,BILAN
Chd1919,PRIX|SOL
Chd2001,RESECO
Chd2002,TOUTCULT|TOUTCHEP|BIO
Chd2003,COMMER|FERTI|TIC|LAIT|SOQO|IAAENV|TOUTCHEP|EAU|BIO|AIDE|AQUASTRU|PROT|CLIMAT|ALIMSECU|AQUAPROD|VEILLE|AUTANI|EVALPOL|PRAELEV|RESECO|PORC|ANASOC|ANAECO|BOVIN|HORTI|SANTE|COMEXT|SOCIO|TISSU|AGROFORM|RESFOR|AGROENV|IAAECO|AUTPRA|FRUIT|TOUTCULT|STATUT|VITI|BOISECO|TAILLE|CAPOV|VOLAIL|PROSP|AGROEMP|AQUAECO|EQUIP|COMPINT|LEGUME|ALIMCOMP|IAAFIL|FOURRAGE|GC|PRIX|AGROINST|DIVERS|COMPTES|RECBOIS|GRAMEM|AGROALIM|EXFOSCI|NRJ|SOL
Chd2004,VITI|PROT
Chd2005,PRIX|SOL
Chd2006,AGROALIM
Chd2007,PROT|LEGUME
Chd2008,TIC
Chd2009,PROT|FERTI|AUTPRA
Chd2010,RESECO
Chd2011,TOUTCULT|TOUTCHEP|BIO
Chd2012,RECBOIS
Chd2013,LAIT
Chd2020-1,RESECO
Chd2101,BILAN
Chd21010,PRIX|SOL
Chd21011,AGROALIM
Chd2102,RESECO
Chd2103,IAAECO|TISSU
Chd2104,AGROENV
Chd2105,AQUAPROD|AQUASTRU
Chd2106,AGROEMP
Chd2106-BAEA-NAT,AGROEMP
Chd2106-BAEA-R11,AGROEMP
Chd2106-BAEA-R24,AGROEMP
Chd2106-BAEA-R24 ,AGROEMP
Chd2106-BAEA-R27,AGROEMP
Chd2106-BAEA-R27 ,AGROEMP
Chd2106-BAEA-R28,AGROEMP
Chd2106-BAEA-R32,AGROEMP
Chd2106-BAEA-R44,AGROEMP
Chd2106-BAEA-R52,AGROEMP
Chd2106-BAEA-R53,AGROEMP
Chd2106-BAEA-R75,AGROEMP
Chd2106-BAEA-R76,AGROEMP
Chd2106-BAEA-R84,AGROEMP
Chd2106-BAEA-R93,AGROEMP
Chd2106-BAEA-R94,AGROEMP
Chd2107,TOUTCULT|TOUTCHEP|BIO
Chd2108,FRUIT|PROT
Chd2109,IAAENV
Chd2112,RESECO|COMPINT|EVALPOL
Chd2113,BILAN
Chd2114,TOUTCULT|TOUTCHEP|BIO
Chd2115,IAAECO|TISSU
Chd2116,AQUAPROD|AQUASTRU
Chd2117,RECBOIS|BOISECO
Chd2118,FRUIT
Chd2119,VITI|PROT
Chd2201,TIC|COMMER
Chd2202,LAIT
Chd2203,RESECO
Chd2204,IAAENV
Chd2205,TOUTCULT|TOUTCHEP|BIO
Chd2206,BIO
Chd2207,PRIX|SOL
Chd2208,AGROALIM|ALIMSECU
Chd2209,TIC|COMMER|ALIMSECU
Chd2210,NRJ|IAAENV|RESFOR
Chd2211,BIO
Chd2212,BIO
Chd2213,BILAN
Chd2214,RESECO|BOVIN|CAPOV|PORC
Chd2215,TOUTCULT|TOUTCHEP|BIO
Chd2216,AGROENV
Chd2301,IAAENV
Chd2302,LAIT
Chd2303,RECBOIS|BOISECO
Chd2304,PROT|VITI
Chd2305,IAAECO|TISSU
Chd2306,RESECO
Chd2307,AGROALIM
Chd2308,AQUAPROD|AQUASTRU
Chd2309,PROT|LEGUME
Chd2310,TOUTCULT|TOUTCHEP|BIO
Chd2311,PRIX|SOL
Chd2312,PROT|LEGUME
Chd2313,TIC
Chd2314,IAAENV|NRJ
Chd2315,VITI|AUTPRA
Chd2316,RESECO
Chd2317,BILAN
Chd2318,RECBOIS|BOISECO
Chd2319,TOUTCULT|TOUTCHEP|BIO
Chd2320,TIC|COMMER|ALIMSECU
Chd2401,LAIT
Chd2402,IAAECO|TISSU
Chd2403,AQUAPROD|AQUASTRU
Chd2404,IAAENV
Chd2405,AGROALIM
Chd2406,RESECO
Chd2407,GC|PROT
Chd2408,TOUTCULT|TOUTCHEP|BIO
Chd2409,IAAENV|AGROALIM
Chd2410,IAAENV|NRJ
Chd2411,TIC|COMMER|ALIMSECU
Chd2412,PRIX|SOL
Chd2413,GC|PROT
Chd2414,IAAECO|TISSU
Chd2415,BIO
Chd2416,TOUTCULT|TOUTCHEP|BIO
Chd2417,BILAN
Chd2418,RESECO
Chd2501,RECBOIS|BOISECO
Chd2502,RESECO
Chd2503,LAIT
Chd2504,PROT|LEGUME
Chd2505,AGROALIM
Chd2506,AQUAPROD|AQUASTRU
Chd2507,AIDE
Chd2508,IAAECO|TISSU
Chd2509,TOUTCULT|TOUTCHEP|BIO
Chd2510,BIO
Chd2511,TAILLE|STATUT|SOQO|COMMER|DIVERS|EQUIP
Chd2512,IAAENV
Chd2513,PRIX|SOL
Chd2514,RESECO
Chd2515,AGROALIM
Chd2516,TOUTCULT|TOUTCHEP|BIO
Chd2517,RECBOIS|BOISECO
Chd2518,TIC
Chd2519,BILAN
Chd2520,AGROALIM
Chd2601,RESECO
Chd2602,LAIT
Chd2603,PROT|LEGUME
Chd2604,AQUAPROD|AQUASTRU
ChdAal155,GC|AGROALIM
ChdAal156,BOISECO|EXFOSCI
ChdAal158,AGROALIM
ChdAal159,NRJ
ChdAal160,IAAECO|TISSU
ChdAal161,RECBOIS
ChdAal162,LAIT|TISSU|AGROALIM
ChdAal163,TISSU|IAAECO
ChdAal164,BOISECO|EXFOSCI
ChdAal165,AGROALIM
ChdAal166,IAAECO|EXFOSCI
ChdAal167,TISSU|IAAECO
ChdAal168,NRJ
ChdAal169,RECBOIS
ChdAal171,AGROALIM
ChdAal172,NRJ
ChdAal173,AGROALIM
ChdAal174,GC|AGROALIM
ChdAal175,NRJ
ChdAal181,GC|AGROALIM
ChdAal182,TIC
ChdAal183,LAIT
ChdAal184,AGROALIM
ChdAal185,IAAENV
ChdAal186,IAAENV
ChdAal187,TISSU|IAAECO
ChdAal188,IAAENV
ChdAal190,TIC
ChdAal191,LAIT
ChdAal192,AGROALIM
ChdAgr189,IAAENV
ChdAgr194,TISSU|IAAECO
ChdAgr195,RESECO
ChdAgr196,RESFOR|RECBOIS
ChdAgr197,PRIX|SOL
ChdAgr198,FRUIT|TAILLE
ChdAgr201,TAILLE|AGROEMP|STATUT
ChdAgr202,SOL|BIO
ChdAgr203,RESECO
ChdAgr204,VITI|PROT|AUTPRA
ChdAgr205,BILAN
ChdAgr206,VOLAIL|SOQO
ChdAgr207,TOUTCULT|TOUTCHEP
ChdAgr208,SOL|BIO
ChdAgr210,RESECO
ChdAgr211,VOLAIL|SOQO
ChdAgr212,TOUTCULT|TOUTCHEP
ChdAgr213,SOL|BIO
ChdAgr214,RESECO
ChdAgr215,VOLAIL|SOQO
ChdAgr216,RESECO
ChdAgr217,VOLAIL|SOQO
ChdAgr218,RESECO
ChdAgr219,VOLAIL|SOQO
ChdAgr220,AGROEMP
ChdAgr221,RESECO
ChdAgr222,RESFOR|RECBOIS|EXFOSCI
ChdAgr223,VOLAIL|SOQO
ChdAgr224,AGROEMP
ChdAgr225,AGROEMP
ChdAgr226,AQUASTRU|AQUAPROD
ChdAgr227,FRUIT|TAILLE
ChdAgr228,RESECO
ChdAgr229,SOL|BIO
ChdAgr230,VOLAIL|SOQO
ChdAgr231,AGROEMP
ChdAgr232,VOLAIL|SOQO
ChdAgr233,RESECO
ChdAgr234,AGROEMP
ChdAgr235,AGROEMP
ChdAgr236,VOLAIL|SOQO
ChdAgr237,TAILLE
ChdAgr238,AGROEMP
ChdAgr239,GC|PROT|FERTI
ChdAgr240,RESECO
ChdAgr241,BOISECO|PRIX
ChdAgr242,RECBOIS
ChdAgr243,VITI|PROT|FERTI
ChdAgr244,LEGUME|PROT|FERTI
ChdAgr245,PROT|AUTPRA|FRUIT
ChdAgr246,BOVIN|PRAELEV
ChdAgr247,RESECO
ChdAgr248,PORC|PRAELEV
ChdAgr249,RECBOIS
ChdAgr250,VOLAIL|PRAELEV
ChdAgr251,CAPOV|PRAELEV
ChdAgr252,CAPOV|PRAELEV
ChdAgr253,AGROEMP
DOC-CEP1,IAAFIL|PRIX|ANAECO
DOC-CEP10,AGROENV|IAAFIL|ANAECO
DOC-CEP11,SOCIO|AGROEMP|TAILLE|ANASOC
DOC-CEP12,COMPINT|LAIT|PRIX
DOC-CEP13,ALIMCOMP|ANASOC|PROSP
DOC-CEP14,AGROENV|ANAECO|AGROEMP
DOC-CEP15,ANAECO|IAAFIL|PROSP
DOC-CEP16,AGROENV|BIO|ANASOC
DOC-CEP17,PROSP|ANASOC|ANAECO
DOC-CEP18,ANASOC|VEILLE|PROSP
DOC-CEP19,ANAECO|LAIT|AGROEMP
DOC-CEP2,AGROENV|EVALPOL|AUTPRA
DOC-CEP3,PRIX|ANAECO|IAAFIL
DOC-CEP4,COMPINT|AGROALIM|IAAFIL
DOC-CEP5,ALIMCOMP|ANASOC
DOC-CEP6,EVALPOL|STATUT|ANAECO
DOC-CEP7,ALIMCOMP|ALIMSECU|AGROALIM
DOC-CEP8,AIDE|COMPINT|ANAECO
DOC-CEP9,ALIMCOMP|ANASOC
Dos1,COMPINT|SOCIO|TOUTCULT|TOUTCHEP
Dos10,COMPTES|RESECO|AIDE
Dos11,AQUASTRU|AQUAPROD
Dos12,RESECO
Dos13,COMPTES|RESECO|AIDE
Dos14,RESECO
Dos15,COMPTES|RESECO|AIDE
Dos16,LEGUME|FRUIT|TAILLE
Dos17,PROT|GC
Dos18,PROT|GC
Dos1902,VITI|PROT|FERTI
Dos1903,TIC
Dos1904,COMPTES|RESECO|AIDE
Dos1905,IAAECO
Dos1906,RESECO
Dos1907,RESECO
Dos2,RESECO
Dos20,STATUT
Dos2002,COMPTES|RESECO|AIDE
DOS201,COMPTES|RESECO|AIDE
Dos2019-1,COMPTES|RESECO|AIDE
DOS203,COMPTES|RESECO|AIDE
Dos21,PROT|FERTI|AUTPRA|GC
Dos2101,VITI|PROT|FERTI
Dos2102,PROT|GC
Dos2103,SOL|BIO|ANAECO
Dos2104,COMPTES|RESECO|AIDE
Dos2105,COMPTES|RESECO|AIDE
Dos2106,PROT
Dos22,PROT|FRUIT
Dos2201,IAAENV|TIC|AGROALIM
Dos2202,COMPTES|RESECO|AIDE
Dos2203,COMPTES|RESECO|AIDE
Dos23,COMPTES|RESECO|AIDE
Dos2301,AGROEMP
Dos2302,COMPTES|RESECO|AIDE
Dos2303,AGROEMP
Dos2304,RESECO|IAAFIL|BOVIN|LAIT
Dos2305,SOCIO|AGROEMP|TAILLE|TOUTCULT|TOUTCHEP
Dos2306,SOCIO|AGROEMP|TAILLE|TOUTCULT|TOUTCHEP
Dos24,PRIX|FRUIT|LEGUME
Dos2401,IAAFIL|AGROENV
Dos2402,COMPTES|RESECO|AIDE
Dos2403,AGROEMP
Dos2404,COMPTES|RESECO|AIDE
Dos25,IAAECO|TISSU
Dos2501,COMPTES|RESECO|AIDE
Dos2502,AGROEMP
Dos2503,COMPTES|RESECO|AIDE
Dos26,BIO
Dos27,PROT|LEGUME
Dos28,PROT|VITI
Dos29,AGROINST|TAILLE|SOCIO
Dos3,VOLAIL|SOQO
Dos30,RESFOR|EXFOSCI
Dos31,TIC
Dos32,TAILLE|DIVERS
Dos33,COMPTES|RESECO|AIDE
Dos34,SOQO|DIVERS|AGROEMP
Dos35,SOQO|AGROEMP
Dos36,PROT|GC
Dos37,TISSU|IAAECO
Dos38,COMPTES|RESECO|AIDE
Dos39,PROT|VITI|AUTPRA
Dos4,COMPTES|RESECO|AIDE
Dos40,COMPTES
Dos41,COMPTES|RESECO|AIDE
Dos42,COMPTES
Dos43,PROT
Dos44,COMPTES|RESECO|AIDE
Dos5,RESECO
Dos6,PRIX|FRUIT|LEGUME
Dos7,COMPTES|RESECO|AIDE
Dos8,AUTPRA|RESECO|FRUIT|TOUTCULT|STATUT|LEGUME|VITI|FERTI|FOURRAGE|GC|TAILLE|HORTI|SOCIO|TISSU|COMPTES|BIO|AIDE|RESFOR|PROT|EXFOSCI|IAAECO|AUTANI
Dos9,RESECO
GraFra2020Chap0,RESECO
GraFra2020Chap1.1,CLIMAT
GraFra2020Chap1.2,SOL|BIO
GraFra2020Chap1.3,SOL|BIO
GraFra2020Chap10.1,PRIX
GraFra2020Chap10.2,ALIMCOMP|BILAN
GraFra2020Chap10.3,SOQO
GraFra2020Chap11.1,COMEXT
GraFra2020Chap12.1,GC
GraFra2020Chap12.10,VOLAIL
GraFra2020Chap12.11,AGROALIM
GraFra2020Chap12.12,AGROALIM
GraFra2020Chap12.2,GC
GraFra2020Chap12.3,LEGUME|FRUIT|HORTI
GraFra2020Chap12.4,VITI
GraFra2020Chap12.5,PRAELEV
GraFra2020Chap12.6,BOVIN|LAIT
GraFra2020Chap12.7,CAPOV|VOLAIL
GraFra2020Chap12.8,AUTANI
GraFra2020Chap12.9,PORC
GraFra2020Chap13.1,TAILLE|AGROEMP|RESECO
GraFra2020Chap2.1,STATUT
GraFra2020Chap2.2,TAILLE
GraFra2020Chap2.3,TAILLE|PRIX
GraFra2020Chap2.4,AGROINST|AIDE
GraFra2020Chap2.5,EQUIP
GraFra2020Chap3.1,PROT|AUTPRA
GraFra2020Chap3.2,PRAELEV
GraFra2020Chap3.3,PROT|FERTI
GraFra2020Chap4.1,SOCIO
GraFra2020Chap4.2,AGROEMP
GraFra2020Chap4.3,AGROFORM
GraFra2020Chap4.4,AGROFORM
GraFra2020Chap5.1,COMPTES
GraFra2020Chap5.2,RESECO
GraFra2020Chap5.3,RESECO
GraFra2020Chap5.4,RESECO
GraFra2020Chap6.1,IAAECO
GraFra2020Chap6.2,IAAECO
GraFra2020Chap6.3,IAAECO
GraFra2020Chap6.4,TISSU
GraFra2020Chap6.5,TIC
GraFra2020Chap6.6,AGROALIM
GraFra2020Chap6.7,IAAENV
GraFra2020Chap7.1,AQUAECO|AQUAPROD
GraFra2020Chap7.2,AQUAPROD
GraFra2020Chap7.3,COMMER|FERTI|TIC|LAIT|SOQO|IAAENV|TOUTCHEP|EAU|BIO|AIDE|PROT|CLIMAT|ALIMSECU|AQUAPROD|VEILLE|AUTANI|EVALPOL|PRAELEV|RESECO|PORC|ANASOC|ANAECO|BOVIN|HORTI|SANTE|COMEXT|SOCIO|TISSU|AGROFORM|RESFOR|AGROENV|IAAECO|AUTPRA|FRUIT|TOUTCULT|STATUT|VITI|BOISECO|TAILLE|CAPOV|VOLAIL|PROSP|AGROEMP|AQUAECO|EQUIP|COMPINT|LEGUME|ALIMCOMP|IAAFIL|FOURRAGE|GC|PRIX|AGROINST|COMPTES|RECBOIS|GRAMEM|AGROALIM|EXFOSCI|NRJ|SOL
GraFra2020Chap8.1,RECBOIS
GraFra2020Chap8.2,BOISECO|COMEXT
GraFra2020Chap9.1,AGROENV
GraFra2020Chap9.2,AIDE|SOQO
GraFra2020Chap9.3,SOQO
GraFra2020Chap9.4,AGROENV|PROT
GraFra2020Chap9.5,AGROENV|IAAENV
GraFra2020Integral,GRAMEM
GraFra2021Chap0.1,RESECO
GraFra2021Chap0.2,RESECO
GraFra2021Chap1.1,CLIMAT
GraFra2021Chap1.2,SOL|BIO
GraFra2021Chap1.3,SOL|BIO
GraFra2021Chap10.1,PRIX
GraFra2021Chap10.2,COMMER|FERTI|TIC|LAIT|SOQO|IAAENV|TOUTCHEP|EAU|BIO|AIDE|AQUASTRU|PROT|CLIMAT|ALIMSECU|AQUAPROD|VEILLE|AUTANI|EVALPOL|PRAELEV|RESECO|PORC|ANASOC|ANAECO|BOVIN|HORTI|SANTE|COMEXT|SOCIO|TISSU|AGROFORM|RESFOR|AGROENV|IAAECO|AUTPRA|FRUIT|TOUTCULT|STATUT|VITI|BOISECO|TAILLE|CAPOV|VOLAIL|PROSP|AGROEMP|AQUAECO|EQUIP|COMPINT|LEGUME|ALIMCOMP|IAAFIL|FOURRAGE|GC|BILAN|PRIX|AGROINST|DIVERS|COMPTES|RECBOIS|GRAMEM|AGROALIM|EXFOSCI|NRJ|SOL
GraFra2021Chap10.3,SOQO
GraFra2021Chap11.1,COMEXT
GraFra2021Chap12.1,GC
GraFra2021Chap12.10,VOLAIL
GraFra2021Chap12.11,AGROALIM
GraFra2021Chap12.12,AGROALIM
GraFra2021Chap12.2,GC
GraFra2021Chap12.3,LEGUME|FRUIT|HORTI
GraFra2021Chap12.4,VITI
GraFra2021Chap12.5,PRAELEV
GraFra2021Chap12.6,BOVIN|LAIT
GraFra2021Chap12.7,CAPOV|VOLAIL
GraFra2021Chap12.8,AUTANI
GraFra2021Chap12.9,PORC
GraFra2021Chap13.1,TAILLE|AGROEMP|RESECO
GraFra2021Chap2.1,STATUT
GraFra2021Chap2.2,TAILLE
GraFra2021Chap2.3,TAILLE|PRIX
GraFra2021Chap2.4,AGROINST|AIDE
GraFra2021Chap2.5,EQUIP
GraFra2021Chap3.1,PROT|AUTPRA
GraFra2021Chap3.2,PRAELEV
GraFra2021Chap3.3,PROT|FERTI
GraFra2021Chap4.1,SOCIO
GraFra2021Chap4.2,AGROEMP
GraFra2021Chap4.3,AGROFORM
GraFra2021Chap4.4,AGROFORM
GraFra2021Chap5.1,COMPTES
GraFra2021Chap5.2,RESECO
GraFra2021Chap5.3,RESECO
GraFra2021Chap5.4,RESECO
GraFra2021Chap6.1,IAAECO
GraFra2021Chap6.2,IAAECO
GraFra2021Chap6.3,IAAECO
GraFra2021Chap6.4,TISSU
GraFra2021Chap6.5,TIC
GraFra2021Chap6.6,AGROALIM
GraFra2021Chap6.7,IAAENV
GraFra2021Chap7.1,AQUAECO|AQUAPROD
GraFra2021Chap7.2,AQUAPROD
GraFra2021Chap7.3,AQUAPROD|COMEXT
GraFra2021Chap8.1,RECBOIS
GraFra2021Chap8.2,BOISECO|COMEXT
GraFra2021Chap9.1,AGROENV
GraFra2021Chap9.2,AIDE|SOQO
GraFra2021Chap9.3,SOQO
GraFra2021Chap9.4,AGROENV|PROT
GraFra2021Chap9.5,AGROENV|IAAENV
GraFra2021Integral,GRAMEM
GraFra2022Chap0.1,RESECO
GraFra2022Chap0.2,RESECO
GraFra2022Chap1.1,CLIMAT
GraFra2022Chap1.2,SOL|BIO
GraFra2022Chap1.3,SOL|BIO
GraFra2022Chap10.1,PRIX
GraFra2022Chap10.2,ALIMCOMP|BILAN
GraFra2022Chap10.3,SOQO
GraFra2022Chap11.1,COMEXT
GraFra2022Chap12.1,GC
GraFra2022Chap12.10,VOLAIL
GraFra2022Chap12.11,AGROALIM
GraFra2022Chap12.12,AGROALIM
GraFra2022Chap12.2,GC
GraFra2022Chap12.3,LEGUME|FRUIT|HORTI
GraFra2022Chap12.4,VITI
GraFra2022Chap12.5,PRAELEV
GraFra2022Chap12.6,BOVIN|LAIT
GraFra2022Chap12.7,CAPOV|VOLAIL
GraFra2022Chap12.8,AUTANI
GraFra2022Chap12.9,PORC
GraFra2022Chap13.1,TAILLE|AGROEMP|RESECO
GraFra2022Chap2.1,STATUT
GraFra2022Chap2.2,TAILLE
GraFra2022Chap2.3,TAILLE|PRIX
GraFra2022Chap2.4,AGROINST|AIDE
GraFra2022Chap2.5,EQUIP
GraFra2022Chap3.1,PROT|AUTPRA
GraFra2022Chap3.2,PRAELEV
GraFra2022Chap3.3,PROT|FERTI
GraFra2022Chap4.1,SOCIO
GraFra2022Chap4.2,AGROEMP
GraFra2022Chap4.3,AGROFORM
GraFra2022Chap4.4,AGROFORM
GraFra2022Chap5.1,COMPTES
GraFra2022Chap5.2,RESECO
GraFra2022Chap5.3,RESECO
GraFra2022Chap5.4,RESECO
GraFra2022Chap6.1,IAAECO
GraFra2022Chap6.2,IAAECO
GraFra2022Chap6.3,IAAECO
GraFra2022Chap6.4,TISSU
GraFra2022Chap6.5,TIC
GraFra2022Chap6.6,AGROALIM
GraFra2022Chap6.7,IAAENV
GraFra2022Chap7.1,AQUAECO|AQUAPROD
GraFra2022Chap7.2,AQUAPROD
GraFra2022Chap7.3,AQUAPROD|COMEXT
GraFra2022Chap8.1,RECBOIS
GraFra2022Chap8.2,BOISECO|COMEXT
GraFra2022Chap9.1,AGROENV
GraFra2022Chap9.2,AIDE|SOQO
GraFra2022Chap9.3,SOQO
GraFra2022Chap9.4,AGROENV|PROT
GraFra2022Chap9.5,AGROENV|IAAENV
GraFra2022Integral,GRAMEM
GraFra2023Chap0.1,RESECO
GraFra2023Chap0.2,RESECO
GraFra2023Chap1.1,CLIMAT
GraFra2023Chap1.2,SOL|BIO
GraFra2023Chap1.3,SOL|BIO
GraFra2023Chap10.1,PRIX
GraFra2023Chap10.2,ALIMCOMP|BILAN
GraFra2023Chap10.3,SOQO
GraFra2023Chap11.1,COMEXT
GraFra2023Chap12.1,GC
GraFra2023Chap12.10,VOLAIL
GraFra2023Chap12.11,AGROALIM
GraFra2023Chap12.12,AGROALIM
GraFra2023Chap12.2,GC
GraFra2023Chap12.3,LEGUME|FRUIT|HORTI
GraFra2023Chap12.4,VITI
GraFra2023Chap12.5,PRAELEV
GraFra2023Chap12.6,BOVIN|LAIT
GraFra2023Chap12.7,CAPOV|VOLAIL
GraFra2023Chap12.8,AUTANI
GraFra2023Chap12.9,PORC
GraFra2023Chap13.1,TAILLE|AGROEMP|RESECO
GraFra2023Chap2.1,STATUT
GraFra2023Chap2.2,TAILLE
GraFra2023Chap2.3,TAILLE|PRIX
GraFra2023Chap2.4,AGROINST|AIDE
GraFra2023Chap2.5,EQUIP
GraFra2023Chap3.1,PROT|AUTPRA
GraFra2023Chap3.2,PRAELEV
GraFra2023Chap3.3,PROT|FERTI
GraFra2023Chap4.1,SOCIO
GraFra2023Chap4.2,AGROEMP
GraFra2023Chap4.3,AGROFORM
GraFra2023Chap4.4,AGROFORM
GraFra2023Chap5.1,COMPTES
GraFra2023Chap5.2,RESECO
GraFra2023Chap5.3,RESECO
GraFra2023Chap5.4,RESECO
GraFra2023Chap5.5,RESECO
GraFra2023Chap6.1,IAAECO
GraFra2023Chap6.2,IAAECO
GraFra2023Chap6.3,IAAECO
GraFra2023Chap6.4,TISSU
GraFra2023Chap6.5,TIC
GraFra2023Chap6.6,AGROALIM
GraFra2023Chap6.7,IAAENV
GraFra2023Chap7.1,AQUAECO|AQUAPROD
GraFra2023Chap7.2,AQUAPROD
GraFra2023Chap7.3,AQUAPROD|COMEXT
GraFra2023Chap8.1,RECBOIS
GraFra2023Chap8.2,BOISECO|COMEXT
GraFra2023Chap9.1,AGROENV
GraFra2023Chap9.2,AIDE|SOQO
GraFra2023Chap9.3,SOQO
GraFra2023Chap9.4,AGROENV|PROT
GraFra2023Chap9.5,AGROENV|IAAENV
GraFra2023Integral,GRAMEM
GraFra2024Chap0.1,RESECO
GraFra2024Chap0.2,RESECO
GraFra2024Chap1.1,CLIMAT
GraFra2024Chap1.2,SOL|BIO
GraFra2024Chap1.3,SOL|BIO
GraFra2024Chap10.1,PRIX
GraFra2024Chap10.2,ALIMCOMP|BILAN
GraFra2024Chap10.3,SOQO
GraFra2024Chap11.1,COMEXT
GraFra2024Chap12.1,GC
GraFra2024Chap12.10,VOLAIL
GraFra2024Chap12.11,AGROALIM
GraFra2024Chap12.12,AGROALIM
GraFra2024Chap12.2,GC
GraFra2024Chap12.3,LEGUME|FRUIT|HORTI
GraFra2024Chap12.4,VITI
GraFra2024Chap12.5,PRAELEV
GraFra2024Chap12.6,BOVIN|LAIT
GraFra2024Chap12.7,CAPOV|VOLAIL
GraFra2024Chap12.8,AUTANI
GraFra2024Chap12.9,PORC
GraFra2024Chap13.1,TAILLE|AGROEMP|RESECO
GraFra2024Chap2.1,STATUT
GraFra2024Chap2.2,TAILLE
GraFra2024Chap2.3,TAILLE|PRIX
GraFra2024Chap2.4,AGROINST|AIDE
GraFra2024Chap2.5,EQUIP
GraFra2024Chap2.6,EQUIP
GraFra2024Chap3.1,PROT|AUTPRA
GraFra2024Chap3.2,PROT|FERTI
GraFra2024Chap3.3,PRAELEV
GraFra2024Chap4.1,SOCIO
GraFra2024Chap4.2,AGROEMP
GraFra2024Chap4.3,AGROFORM
GraFra2024Chap4.4,AGROFORM
GraFra2024Chap5.1,COMPTES
GraFra2024Chap5.2,RESECO
GraFra2024Chap5.3,RESECO
GraFra2024Chap5.4,RESECO
GraFra2024Chap6.1,IAAECO
GraFra2024Chap6.2,IAAECO
GraFra2024Chap6.3,IAAECO
GraFra2024Chap6.4,TISSU
GraFra2024Chap6.5,TIC
GraFra2024Chap6.6,AGROALIM
GraFra2024Chap6.7,IAAENV
GraFra2024Chap7.1,AQUAECO|AQUAPROD
GraFra2024Chap7.2,AQUAPROD
GraFra2024Chap7.3,AQUAPROD|COMEXT
GraFra2024Chap8.1,RECBOIS
GraFra2024Chap8.2,BOISECO|COMEXT
GraFra2024Chap9.1,AGROENV
GraFra2024Chap9.2,AIDE|SOQO
GraFra2024Chap9.3,SOQO
GraFra2024Chap9.4,AGROENV|PROT
GraFra2024Chap9.5,AGROENV|IAAENV
GraFra2024Integral,GRAMEM
GraFra2025Chap0.1,RESECO
GraFra2025Chap0.2,RESECO
GraFra2025Chap1.1,CLIMAT
GraFra2025Chap1.2,SOL|BIO
GraFra2025Chap1.3,SOL|BIO
GraFra2025Chap10.1,PRIX
GraFra2025Chap10.2,ALIMCOMP|BILAN
GraFra2025Chap10.3,SOQO
GraFra2025Chap11.1,COMEXT
GraFra2025Chap12.1,GC
GraFra2025Chap12.10,VOLAIL
GraFra2025Chap12.11,AGROALIM
GraFra2025Chap12.12,AGROALIM
GraFra2025Chap12.2,GC
GraFra2025Chap12.3,LEGUME|FRUIT|HORTI
GraFra2025Chap12.4,VITI
GraFra2025Chap12.5,PRAELEV
GraFra2025Chap12.6,BOVIN|LAIT
GraFra2025Chap12.7,CAPOV|VOLAIL
GraFra2025Chap12.8,AUTANI
GraFra2025Chap12.9,PORC
GraFra2025Chap13.1,TAILLE|AGROEMP|RESECO
GraFra2025Chap2.1,STATUT
GraFra2025Chap2.2,TAILLE
GraFra2025Chap2.3,TAILLE|PRIX
GraFra2025Chap2.4,AGROINST|AIDE
GraFra2025Chap2.5,EQUIP
GraFra2025Chap2.6,EQUIP
GraFra2025Chap3.1,PROT|AUTPRA
GraFra2025Chap3.2,PROT|FERTI
GraFra2025Chap3.3,PRAELEV
GraFra2025Chap4.1,SOCIO
GraFra2025Chap4.2,AGROEMP
GraFra2025Chap4.3,AGROFORM
GraFra2025Chap4.4,AGROFORM
GraFra2025Chap5.1,COMPTES
GraFra2025Chap5.2,RESECO
GraFra2025Chap5.3,RESECO
GraFra2025Chap5.4,RESECO
GraFra2025Chap6.1,IAAECO
GraFra2025Chap6.2,IAAECO
GraFra2025Chap6.3,IAAECO
GraFra2025Chap6.4,TISSU
GraFra2025Chap6.5,TIC
GraFra2025Chap6.6,AGROALIM
GraFra2025Chap6.7,IAAENV
GraFra2025Chap7.1,AQUAECO|AQUAPROD
GraFra2025Chap7.2,AQUAPROD
GraFra2025Chap7.3,AQUAPROD|COMEXT
GraFra2025Chap8.1,RECBOIS
GraFra2025Chap8.2,BOISECO|COMEXT
GraFra2025Chap9.1,AGROENV
GraFra2025Chap9.2,AIDE|SOQO
GraFra2025Chap9.3,SOQO
GraFra2025Chap9.4,AGROENV|PROT
GraFra2025Chap9.5,AGROENV|IAAENV
GraFra2025Integral,GRAMEM
GraFraChap1.1,CLIMAT
GraFraChap1.2,SOL|BIO
GraFraChap10.1,PRIX
GraFraChap10.2,ALIMCOMP|BILAN
GraFraChap10.3,SOQO
GraFraChap11.1,COMEXT
GraFraChap12.1,GC
GraFraChap12.10,VOLAIL
GraFraChap12.11,AGROALIM
GraFraChap12.12,AGROALIM
GraFraChap12.2,GC
GraFraChap12.3,LEGUME|FRUIT|HORTI
GraFraChap12.4,VITI
GraFraChap12.5,PRAELEV
GraFraChap12.6,BOVIN|LAIT
GraFraChap12.7,CAPOV|VOLAIL
GraFraChap12.8,AUTANI
GraFraChap12.9,PORC
GraFraChap13.1,TAILLE|AGROEMP|RESECO
GraFraChap2.1,STATUT
GraFraChap2.2,TAILLE
GraFraChap2.3,TAILLE|PRIX
GraFraChap2.4,AGROINST|AIDE
GraFraChap2.5,EQUIP
GraFraChap3.1,PROT|AUTPRA
GraFraChap3.2,PRAELEV
GraFraChap3.3,PROT|FERTI
GraFraChap4.1,SOCIO
GraFraChap4.3,AGROEMP
GraFraChap4.4,AGROFORM
GraFraChap4.5,AGROFORM
GraFraChap5.1,COMPTES
GraFraChap5.2,RESECO
GraFraChap5.3,RESECO
GraFraChap5.4,RESECO
GraFraChap6.1,IAAECO
GraFraChap6.2,IAAECO
GraFraChap6.3,IAAECO
GraFraChap6.4,TISSU
GraFraChap6.5,TIC
GraFraChap6.6,AGROALIM
GraFraChap6.7,IAAENV
GraFraChap7.1,AQUAECO|AQUAPROD
GraFraChap7.2,AQUAPROD
GraFraChap7.3,AQUAPROD|COMEXT
GraFraChap8.1,RECBOIS
GraFraChap8.2,BOISECO|COMEXT
GraFraChap9.1,AGROENV
GraFraChap9.2,AIDE|SOQO
GraFraChap9.3,SOQO
GraFraChap9.4,AGROENV|PROT
GraFraChap9.5,AGROENV|IAAENV
GraFraIntegral,GRAMEM
infographie-2024-1,VITI
Infographie-2024-1-en,VITI
Infographie-2025-2,GRAMEM
Infographie-2025-2-en,GRAMEM
Infographie-2026-1,GRAMEM
IraAbo011,BOVIN
IraAbo012,PORC
IraAbo013,CAPOV
IraAbo025,BOVIN
IraAbo026,PORC
IraAbo027,CAPOV
IraAbo034,CAPOV
IraAbo035,CAPOV
IraAbo036,CAPOV
IraAbo037,PORC
IraAbo040,BOVIN
IraAbo041,PORC
IraAbo042,CAPOV
IraAbo054,BOVIN
IraAbo055,PORC
IraAbo056,CAPOV
IraAbo074,BOVIN
IraAbo075,PORC
IraAbo076,CAPOV
IraAbo090,BOVIN
IraAbo091,PORC
IraAbo092,CAPOV
IraAbo141,BOVIN
IraAbo142,PORC
IraAbo143,CAPOV
IraAbo154,BOVIN
IraAbo155,PORC
IraAbo161,BOVIN
IraAbo162,PORC
IraAbo163,CAPOV
IraAbo170,BOVIN
IraAbo171,PORC
IraAbo172,CAPOV
IraAbo179,BOVIN
IraAbo180,PORC
IraAbo18011,BOVIN
IraAbo18012,PORC
IraAbo18013,CAPOV
IraAbo18024,PORC
IraAbo18025,CAPOV
IraAbo18033,CAPOV
IraAbo18034,CAPOV
IraAbo18035,PORC
IraAbo18039,BOVIN
IraAbo18054,BOVIN
IraAbo18055,PORC
IraAbo18056,CAPOV
IraAbo18075,PORC
IraAbo18076,CAPOV
IraAbo18091,BOVIN
IraAbo18092,PORC
IraAbo18093,CAPOV
IraAbo181,CAPOV
IraAbo18122,BOVIN
IraAbo18123,PORC
IraAbo18124,CAPOV
IraAbo189,BOVIN
IraAbo190,PORC
IraAbo191,CAPOV
IraAbo19123,BOVIN
IraAbo19124,PORC
IraAbo19125,CAPOV
IraAbo19141,BOVIN
IraAbo19142,PORC
IraAbo19143,CAPOV
IraAbo19149,BOVIN
IraAbo19160,CAPOV
IraAbo19161,CAPOV
IraAbo19162,CAPOV
IraAbo19177,BOVIN
IraAbo19178,PORC
IraAbo19179,CAPOV
IraAbo19188,BOVIN
IraAbo19189,PORC
IraAbo19190,CAPOV
IraAbo2011,BOVIN
IraAbo20116,BOVIN
IraAbo20117,PORC
IraAbo20118,CAPOV
IraAbo2012,PORC
IraAbo2013,CAPOV
IraAbo20134,BOVIN
IraAbo20135,PORC
IraAbo20136,CAPOV
IraAbo20153,BOVIN
IraAbo20154,PORC
IraAbo20155,CAPOV
IraAbo20181,BOVIN
IraAbo20182,PORC
IraAbo20183,CAPOV
IraAbo2023,BOVIN
IraAbo2024,PORC
IraAbo2025,CAPOV
IraAbo2035,BOVIN
IraAbo2036,PORC
IraAbo2037,CAPOV
IraAbo2049,BOVIN
IraAbo2050,PORC
IraAbo2051,CAPOV
IraAbo2067,BOVIN
IraAbo2068,PORC
IraAbo2069,CAPOV
IraAbo2085,BOVIN
IraAbo2086,PORC
IraAbo2087,CAPOV
IraAbo21011,BOVIN
IraAbo21012,PORC
IraAbo21013,CAPOV
IraAbo21021,BOVIN
IraAbo21022,PORC
IraAbo21023,CAPOV
IraAbo21033,BOVIN
IraAbo21034,PORC
IraAbo21035,CAPOV
IraAbo21045,BOVIN
IraAbo21046,PORC
IraAbo21047,CAPOV
IraAbo21063,BOVIN
IraAbo21064,PORC
IraAbo21065,CAPOV
IraAbo21077,BOVIN
IraAbo21078,PORC
IraAbo21079,CAPOV
IraAbo21109,BOVIN
IraAbo21110,PORC
IraAbo21111,CAPOV
IraAbo21127,BOVIN
IraAbo21128,PORC
IraAbo21129,CAPOV
IraAbo21144,BOVIN
IraAbo21145,PORC
IraAbo21146,CAPOV
IraAbo21157,BOVIN
IraAbo21158,PORC
IraAbo21159,CAPOV
IraAbo21173,BOVIN
IraAbo21174,PORC
IraAbo21175,CAPOV
IraAbo22010,BOVIN
IraAbo22011,PORC
IraAbo22012,CAPOV
IraAbo22020,BOVIN
IraAbo22021,PORC
IraAbo22022,CAPOV
IraAbo22028,BOVIN
IraAbo22029,PORC
IraAbo22030,CAPOV
IraAbo22042,BOVIN
IraAbo22043,PORC
IraAbo22044,CAPOV
IraAbo22056,BOVIN
IraAbo22057,PORC
IraAbo22058,CAPOV
IraAbo22077,BOVIN
IraAbo22078,PORC
IraAbo22079,CAPOV
IraAbo22103,BOVIN
IraAbo22104,PORC
IraAbo22105,CAPOV
IraAbo22116,BOVIN
IraAbo22117,PORC
IraAbo22118,CAPOV
IraAbo22132,PORC
IraAbo22133,PORC
IraAbo22134,CAPOV
IraAbo22152,BOVIN
IraAbo22153,PORC
IraAbo22154,CAPOV
IraAbo22161,BOVIN
IraAbo22162,PORC
IraAbo22163,CAPOV
IraAbo2309,BOVIN
IraAbo2310,PORC
IraAbo23101,PORC
IraAbo2311,CAPOV
IraAbo23118,BOVIN
IraAbo23119,PORC
IraAbo23120,CAPOV
IraAbo23132,BOVIN
IraAbo23133,PORC
IraAbo23134,CAPOV
IraAbo23147,BOVIN
IraAbo23148,PORC
IraAbo23149,CAPOV
IraAbo23160,BOVIN
IraAbo23161,PORC
IraAbo23162,CAPOV
IraAbo2319,BOVIN
IraAbo2320,PORC
IraAbo2321,CAPOV
IraAbo2330,BOVIN
IraAbo2331,PORC
IraAbo2332,CAPOV
IraAbo2340,BOVIN
IraAbo2341,PORC
IraAbo2342,CAPOV
IraAbo2358,BOVIN
IraAbo2359,PORC
IraAbo2360,CAPOV
IraAbo2373,BOVIN
IraAbo2374,PORC
IraAbo2375,CAPOV
IraAbo2398,BOVIN
IraAbo2399,CAPOV
IraAbo2405,BOVIN
IraAbo2406,PORC
IraAbo2407,CAPOV
IraAbo24100,BOVIN
IraAbo24101,PORC
IraAbo24102,CAPOV
IraAbo24116,BOVIN
IraAbo24117,PORC
IraAbo24118,CAPOV
IraAbo24137,BOVIN
IraAbo24138,PORC
IraAbo24139,CAPOV
IraAbo24151,BOVIN
IraAbo24152,PORC
IraAbo24153,CAPOV
IraAbo24164,BOVIN
IraAbo24165,PORC
IraAbo24166,CAPOV
IraAbo2419,BOVIN
IraAbo2420,PORC
IraAbo2421,CAPOV
IraAbo2428,BOVIN
IraAbo2429,PORC
IraAbo2430,CAPOV
IraAbo2439,BOVIN
IraAbo2440,PORC
IraAbo2441,CAPOV
IraAbo2455,BOVIN
IraAbo2456,PORC
IraAbo2457,CAPOV
IraAbo2473,BOVIN
IraAbo2474,PORC
IraAbo2475,CAPOV
IraAbo2510,BOVIN
IraAbo25102,BOVIN
IraAbo25103,CAPOV
IraAbo25104,PORC
IraAbo2511,PORC
IraAbo25118,BOVIN
IraAbo25119,CAPOV
IraAbo2512,CAPOV
IraAbo25120,PORC
IraAbo25140,BOVIN
IraAbo25141,PORC
IraAbo25142,CAPOV
IraAbo25155,CAPOV
IraAbo25159,BOVIN
IraAbo25160,PORC
IraAbo25169,BOVIN
IraAbo25170,CAPOV
IraAbo25171,PORC
IraAbo2521,BOVIN
IraAbo2522,PORC
IraAbo2523,CAPOV
IraAbo2530,BOVIN
IraAbo2531,PORC
IraAbo2532,CAPOV
IraAbo2542,BOVIN
IraAbo2543,PORC
IraAbo2544,CAPOV
IraAbo2559,BOVIN
IraAbo2560,PORC
IraAbo2561,CAPOV
IraAbo2575,BOVIN
IraAbo2576,CAPOV
IraAbo2577,PORC
IraAbo2610,BOVIN
IraAbo2611,CAPOV
IraAbo2612,PORC
IraAbo2621,BOVIN
IraAbo2622,PORC
IraAbo2623,CAPOV
IraAla23113,PRAELEV
IraAla23144,PRAELEV
IraAla24114,PRAELEV
IraAla24148,PRAELEV
IraAla2417,PRAELEV
IraAla2453,PRAELEV
IraAla25117,PRAELEV
IraAla25151,PRAELEV
IraAla2519,PRAELEV
IraAla2557,PRAELEV
IraAla2619,PRAELEV
IraAvi002,VOLAIL
IraAvi016,VOLAIL
IraAvi028,VOLAIL
IraAvi044,VOLAIL
IraAvi059,VOLAIL
IraAvi078,VOLAIL
IraAvi095,VOLAIL
IraAvi126,VOLAIL
IraAvi145,VOLAIL
IraAvi165,VOLAIL
IraAvi18015,VOLAIL
IraAvi18027,VOLAIL
IraAvi18043,VOLAIL
IraAvi18059,VOLAIL
IraAvi18077,VOLAIL
IraAvi18095,VOLAIL
IraAvi182,VOLAIL
IraAvi19127,VOLAIL
IraAvi19164,VOLAIL
IraAvi2002,VOLAIL
IraAvi20120,VOLAIL
IraAvi20139,VOLAIL
IraAvi2015,VOLAIL
IraAvi20157,VOLAIL
IraAvi20174,VOLAIL
IraAvi2027,VOLAIL
IraAvi2039,VOLAIL
IraAvi2054,VOLAIL
IraAvi2072,VOLAIL
IraAvi2090,VOLAIL
IraAvi21002,VOLAIL
IraAvi21014,VOLAIL
IraAvi21086,VOLAIL
IraAvi21113,VOLAIL
IraAvi21132,VITI
IraAvi21147,VOLAIL
IraAvi21165,VOLAIL
IraAvi22002,VOLAIL
IraAvi22014,VOLAIL
IraAvi22024,VOLAIL
IraAvi22035,VOLAIL
IraAvi22051,VOLAIL
IraAvi22065,VOLAIL
IraAvi22082,VOLAIL
IraAvi22106,VOLAIL
IraAvi22123,VOLAIL
IraAvi22139,VOLAIL
IraAvi22156,VOLAIL
IraAvi2301,VOLAIL
IraAvi23103,VOLAIL
IraAvi23122,VOLAIL
IraAvi2313,VOLAIL
IraAvi23136,VOLAIL
IraAvi23152,VOLAIL
IraAvi2323,VOLAIL
IraAvi2334,VOLAIL
IraAvi2345,VOLAIL
IraAvi2362,VOLAIL
IraAvi2378,VOLAIL
IraAvi2401,VOLAIL
IraAvi24104,VOLAIL
IraAvi2411,VOLAIL
IraAvi24123,VOLAIL
IraAvi24140,VOLAIL
IraAvi24159,VOLAIL
IraAvi2423,VOLAIL
IraAvi2434,VOLAIL
IraAvi2445,VOLAIL
IraAvi2463,VOLAIL
IraAvi2480,VOLAIL
IraAvi2501,VOLAIL
IraAvi25107,VOLAIL
IraAvi25127,VOLAIL
IraAvi2514,VOLAIL
IraAvi25143,VOLAIL
IraAvi25162,VOLAIL
IraAvi2525,VOLAIL
IraAvi2536,VOLAIL
IraAvi2546,VOLAIL
IraAvi2567,VOLAIL
IraAvi2583,VOLAIL
IraAvi2602,VOLAIL
IraAvi2614,VOLAIL
IraAvii21026,VOLAIL
IraAvii21037,VOLAIL
IraAvii21050,VOLAIL
IraAvii21068,VOLAIL
IraBoi024,BOISECO|COMEXT
IraBoi144,BOISECO|COMEXT
IraBoi18049,BOISECO|COMEXT
IraBoi19121,BOISECO|COMEXT
IraCex005,COMEXT
IraCex019,COMEXT
IraCex031,COMEXT
IraCex048,COMEXT
IraCex064,COMEXT
IraCex083,COMEXT
IraCex102,COMEXT
IraCex152,COMEXT
IraCex172,COMEXT
IraCex18005,COMEXT
IraCex18019,COMEXT
IraCex18030,COMEXT
IraCex18046,COMEXT
IraCex18063,COMEXT
IraCex18082,COMEXT
IraCex18102,COMEXT
IraCex18119,COMEXT
IraCex18133,COMEXT
IraCex186,COMEXT
IraCex19119,COMEXT
IraCex19132,COMEXT
IraCex19171,COMEXT
IraCex19185,COMEXT
IraCex20004,COMEXT
IraCex20100,COMEXT
IraCex20110,COMEXT
IraCex20129,COMEXT
IraCex20145,COMEXT
IraCex20161,COMEXT
IraCex20178,COMEXT
IraCex2019,COMEXT
IraCex2030,COMEXT
IraCex2042,COMEXT
IraCex2061,COMEXT
IraCex2079,COMEXT
IraCex21004,COMEXT
IraCex21018,COMEXT
IraCex21028,COMEXT
IraCex21042,COMEXT
IraCex21057,COMEXT
IraCex21075,COMEXT
IraCex21093,COMEXT
IraCex21106,COMEXT
IraCex21121,COMEXT
IraCex21138,COMEXT
IraCex21152,COMEXT
IraCex21168,COMEXT
IraCex22003,COMEXT
IraCex22016,COMEXT
IraCex22027,COMEXT
IraCex22039,COMEXT
IraCex22052,COMEXT
IraCex22068,COMEXT
IraCex22089,COMEXT
IraCex22097,COMEXT
IraCex22112,COMEXT
IraCex22128,COMEXT
IraCex22143,COMEXT
IraCex22158,PRIX
IraCex2303,COMEXT
IraCex23105,COMEXT
IraCex23112,COMEXT
IraCex23127,COMEXT
IraCex2314,COMEXT
IraCex23140,COMEXT
IraCex23157,COMEXT
IraCex2325,COMEXT
IraCex2336,COMEXT
IraCex2348,COMEXT
IraCex2364,COMEXT
IraCex2382,COMEXT
IraCex2403,COMEXT
IraCex24106,COMEXT
IraCex24110,COMEXT
IraCex24128,COMEXT
IraCex2413,COMEXT
IraCex24147,COMEXT
IraCex24162,COMEXT
IraCex2425,COMEXT
IraCex2437,COMEXT
IraCex2449,COMEXT
IraCex2470,COMEXT
IraCex2485,COMEXT
IraCex2502,COMEXT
IraCex25108,COMEXT
IraCex25111,COMEXT
IraCex25131,COMEXT
IraCex25150,COMEXT
IraCex25165,COMEXT
IraCex2517,COMEXT
IraCex2527,COMEXT
IraCex2539,COMEXT
IraCex2555,COMEXT
IraCex2569,COMEXT
IraCex2592,COMEXT
IraCex2603,COMEXT
IraCex2617,COMEXT
IraCli001,CLIMAT
IraCli015,CLIMAT
IraCli029,CLIMAT
IraCli046,CLIMAT
IraCli060,CLIMAT
IraCli077,CLIMAT
IraCli096,CLIMAT
IraCli127,CLIMAT
IraCli147,CLIMAT
IraCli167,CLIMAT
IraCli18001,CLIMAT
IraCli18016,CLIMAT
IraCli18028,CLIMAT
IraCli18045,CLIMAT
IraCli18060,CLIMAT
IraCli18078,CLIMAT
IraCli18096,CLIMAT
IraCli183,CLIMAT
IraCli19115,CLIMAT
IraCli19128,CLIMAT
IraCli19148,CLIMAT
IraCli19165,CLIMAT
IraCli19182,CLIMAT
IraCli2001,CLIMAT
IraCli20108,CLIMAT
IraCli20122,CLIMAT
IraCli20141,CLIMAT
IraCli20159,CLIMAT
IraCli2016,CLIMAT
IraCli20176,CLIMAT
IraCli2028,CLIMAT
IraCli2041,CLIMAT
IraCli2055,CLIMAT
IraCli2073,CLIMAT
IraCli2096,CLIMAT
IraCli21001,CLIMAT
IraCli21015,CLIMAT
IraCli21025,CLIMAT
IraCli21038,CLIMAT
IraCli21051,CLIMAT
IraCli21069,CLIMAT
IraCli21087,CLIMAT
IraCli21107,CLIMAT
IraCli21115,CLIMAT
IraCli21133,CLIMAT
IraCli21148,CLIMAT
IraCli21167,CLIMAT
IraCli22001,CLIMAT
IraCpr004,PRIX
IraCpr020,PRIX
IraCpr030,PRIX
IraCpr047,PRIX
IraCpr065,PRIX
IraCpr084,PRIX
IraCpr099,PRIX
IraCpr134,PRIX
IraCpr153,PRIX
IraCpr18002,PRIX
IraCpr18018,PRIX
IraCpr18029,PRIX
IraCpr18048,PRIX
IraCpr18065,PRIX
IraCpr18085,PRIX
IraCpr18101,PRIX
IraCpr187,PRIX
IraCpr19152,PRIX
IraCpr19186,PRIX
IraCpr2005,PRIX
IraCpr20128,PRIX
IraCpr20147,PRIX
IraCpr20179,PRIX
IraCpr2020,PRIX
IraCpr2031,PRIX
IraCpr2043,PRIX
IraCpr2062,PRIX
IraCpr2080,PRIX
iraCpr2099,PRIX
IraCpr21005,PRIX
IraCpr21019,PRIX
IraCpr21029,PRIX
IraCpr21040,PRIX
IraCpr21058,PRIX
IraCpr21076,PRIX
IraCpr21094,PRIX
IraCpr21122,PRIX
IraCpr21139,PRIX
IraCpr21155,PRIX
IraCpr21170,PRIX
IraCpr22005,PRIX
IraCpr22018,PRIX
IraCpr22026,PRIX
IraCpr22038,PRIX
IraCpr22053,PRIX
IraCpr22071,PRIX
IraCpr22090,PRIX
IraCpr22114,PRIX
IraCpr22130,PRIX
IraCpr22160,PRIX
IraCpr2304,PRIX
IraCpr23106,PRIX
IraCpr23128,PRIX
IraCpr23137,PRIX
IraCpr23153,PRIX
IraCpr2317,PRIX
IraCpr2326,PRIX
IraCpr2338,PRIX
IraCpr2352,PRIX
IraCpr2369,PRIX
IraCpr2388,PRIX
IraCpr2404,PRIX
IraCpr24108,PRIX
IraCpr2412,PRIX
IraCpr24125,PRIX
IraCpr24143,PRIX
IraCpr24160,PRIX
IraCpr2424,PRIX
IraCpr2435,PRIX
IraCpr2447,PRIX
IraCpr2467,PRIX
IraCpr2484,PRIX
IraCpr2504,PRIX
IraCpr25116,PRIX
IraCpr25134,PRIX
IraCpr25146,PRIX
IraCpr2516,PRIX
IraCpr25163,PRIX
IraCpr2526,PRIX
IraCpr2537,PRIX
IraCpr2554,PRIX
IraCpr2570,PRIX
IraCpr2587,PRIX
IraCpr2601,PRIX
IraCpr2615,PRIX
IraEng24132,PROT
IraEng2506,PROT
IraEng25136,PROT
IraEng2538,PROT
IraEng2595,PROT
IraEng2608,PROT
IraFru006,FRUIT
IraFru033,FRUIT
IraFru068,FRUIT
IraFru112,FRUIT
IraFru178,FRUIT
IraFru18006,FRUIT
IraFru18038,FRUIT
IraFru18062,FRUIT
IraFru18064,FRUIT
IraFru18067,FRUIT
IraFru18071,FRUIT
IraFru18081,FRUIT
IraFru18084,FRUIT
IraFru18097,FRUIT
IraFru18099,FRUIT
IraFru18100,FRUIT
IraFru18104,FRUIT
IraFru18105,FRUIT
IraFru18113,FRUIT
IraFru18116,FRUIT
IraFru18118,FRUIT
IraFru18129,FRUIT
IraFru18130,FRUIT
IraFru18131,FRUIT
IraFru18149,FRUIT
IraFru18150,FRUIT
IraFru18168,FRUIT
IraFru18169,FRUIT
IraFru1880,FRUIT
IraFru19061,FRUIT
IraFru19063,FRUIT
IraFru19067,FRUIT
IraFru19080,FRUIT
IraFru19081,FRUIT
IraFru19082,FRUIT
IraFru19098,FRUIT
IraFru19100,FRUIT
IraFru19101,FRUIT
IraFru19104,FRUIT
IraFru19105,FRUIT
IraFru19116,FRUIT
IraFru19117,FRUIT
IraFru19129,FRUIT
IraFru19133,FRUIT
IraFru19134,FRUIT
IraFru19150,FRUIT
IraFru19151,FRUIT
IraFru19168,FRUIT
IraFru19169,FRUIT
IraFru19176,FRUIT
IraFru20034,FRUIT
IraFru2006,FRUIT
IraFru20091,FRUIT
Irafru20111,FRUIT
Irafru20112,FRUIT
Irafru20113,FRUIT
Irafru20114,FRUIT
Irafru20123,FRUIT
Irafru20124,FRUIT
Irafru20125,FRUIT
Irafru20142,FRUIT
Irafru20143,FRUIT
Irafru20162,FRUIT
Irafru20163,FRUIT
Irafru20169,FRUIT
IraFru2057,FRUIT
IraFru2058,FRUIT
IraFru2060,FRUIT
IraFru2066,FRUIT
IraFru2075,FRUIT
IraFru2076,FRUIT
IraFru2077,FRUIT
Irafru2092,FRUIT
Irafru2094,FRUIT
Irafru2095,FRUIT
IraFru2097,FRUIT
Irafru21009,FRUIT
IraFru21032,FRUIT
IraFru21052,FRUIT
IraFru21054,FRUIT
IraFru21055,FRUIT
IraFru21062,FRUIT
IraFru21070,FRUIT
IraFru21072,FRUIT
IraFru21073,FRUIT
IraFru21088,FRUIT
IraFru21089,FRUIT
IraFru21091,FRUIT
IraFru21095,FRUIT
IraFru21096,FRUIT
IraFru21100,FRUIT
IraFru21102,FRUIT
IraFru21104,FRUIT
IraFru21105,FRUIT
IraFru21116,FRUIT
IraFru21117,FRUIT
IraFru21118,FRUIT
IraFru21134,FRUIT
IraFru21135,FRUIT
IraFru21153,FRUIT
IraFru21154,FRUIT
IraFru21156,FRUIT
IraFru22006,FRUIT
IraFru22031,FRUIT
IraFru22047,FRUIT
IraFru22049,FRUIT
IraFru22054,FRUIT
IraFru22055,FRUIT
IraFru22066,FRUIT
IraFru22067,FRUIT
IraFru22069,FRUIT
IraFru22081,FRUIT
IraFru22083,FRUIT
IraFru22084,FRUIT
IraFru22085,FRUIT
IraFru22086,FRUIT
IraFru22096,FRUIT
IraFru22098,FRUIT
IraFru22099,FRUIT
IraFru22100,FRUIT
IraFru22108,FRUIT
IraFru22109,FRUIT
IraFru22110,FRUIT
IraFru22126,FRUIT
IraFru22127,FRUIT
IraFru22144,FRUIT
IraFru22145,FRUIT
IraFru22151,FRUIT
IraFru2308,FRUIT
IraFru23095,FRUIT
IraFru23108,FRUIT
IraFru23109,FRUIT
IraFru23110,FRUIT
IraFru23115,FRUIT
IraFru23125,FRUIT
IraFru23126,FRUIT
IraFru23141,FRUIT
IraFru23142,FRUIT
IraFru23145,FRUIT
IraFru2327,FRUIT
IraFru2346,FRUIT
IraFru2347,FRUIT
IraFru2350,FRUIT
IraFru2356,FRUIT
IraFru2363,FRUIT
IraFru2365,FRUIT
IraFru2367,FRUIT
IraFru2380,FRUIT
IraFru2381,FRUIT
IraFru2383,FRUIT
IraFru2386,FRUIT
IraFru2387,FRUIT
IraFru2389,FRUIT
IraFru2396,FRUIT
IraFru2397,FRUIT
IraFru2408,FRUIT
IraFru24107,FRUIT
IraFru24109,FRUIT
IraFru24111,FRUIT
IraFru24121,FRUIT
IraFru24126,FRUIT
IraFru24127,FRUIT
IraFru24144,FRUIT
IraFru24145,FRUIT
IraFru24150,FRUIT
IraFru2427,FRUIT
IraFru2446,FRUIT
IraFru2448,FRUIT
IraFru2452,FRUIT
IraFru2454,FRUIT
IraFru2460,FRUIT
IraFru2466,FRUIT
IraFru2468,FRUIT
IraFru2469,FRUIT
IraFru2481,FRUIT
IraFru2483,FRUIT
IraFru2486,FRUIT
IraFru2488,FRUIT
IraFru2489,FRUIT
IraFru2491,FRUIT
IraFru2492,FRUIT
IraFru2495,FRUIT
IraFru2497,FRUIT
IraFru2498,FRUIT
IraFru2505,FRUIT
IraFru25100,FRUIT
IraFru25101,FRUIT
IraFru25110,FRUIT
IraFru25113,FRUIT
IraFru25114,FRUIT
IraFru25123,FRUIT
IraFru25129,FRUIT
IraFru25130,FRUIT
IraFru25148,FRUIT
IraFru25149,FRUIT
IraFru25153,FRUIT
IraFru2529,FRUIT
IraFru2550,FRUIT
IraFru2551,FRUIT
IraFru2553,FRUIT
IraFru2558,FRUIT
IraFru2564,FRUIT
IraFru2568,FRUIT
IraFru2571,FRUIT
IraFru2572,FRUIT
IraFru2584,FRUIT
IraFru2585,FRUIT
IraFru2586,FRUIT
IraFru2589,FRUIT
IraFru2590,FRUIT
IraFru2594,FRUIT
IraFru2596,FRUIT
IraFru2605,FRUIT
IraGcu017,GC
IraGcu045,GC
IraGcu062,GC
IraGcu079,GC
IraGcu097,GC
IraGcu128,GC
IraGcu148,GC
IraGcu170,GC
IraGcu18017,GC
IraGcu18044,GC
IraGcu18051,GC
IraGcu18058,FOURRAGE
IraGcu18072,FOURRAGE
IraGcu18079,GC
IraGcu18090,FOURRAGE
IraGcu18098,GC
IraGcu18112,FOURRAGE
IraGcu18114,GC
IraGcu184,GC
IraGcu19114,GC
IraGcu19130,GC
IraGcu19147,GC
IraGcu19166,GC
IraGcu19183,GC
IraGcu20107,GC
IraGcu20127,GC
IraGcu20144,GC
IraGcu20164,GC
IraGcu2017,GC
IraGcu20175,GC
IraGcu2040,GC
IraGcu2056,GC
IraGcu2074,GC
IraGcu2093,GC
IraGcu210119,GC
IraGcu21016,GC
IraGcu21039,GC
IraGcu21053,GC
IraGcu21071,GC|FOURRAGE
IraGcu21090,GC
IraGcu21101,GC
IraGcu21136,GC
IraGcu21149,GC
IraGcu21166,GC
IraGcu22015,GC
IraGcu22036,GC
IraGcu22048,GC
IraGcu22064,GC
IraGcu22087,GC
IraGcu22094,GC
IraGcu22111,GC
IraGcu22125,GC
IraGcu22140,GC
IraGcu22157,GC
IraGcu23107,GC
IraGcu23124,GC
IraGcu23139,GC
IraGcu2315,GC
IraGcu23156,GC
IraGcu2335,GC
IraGcu2351,GC
IraGcu2366,GC
IraGcu2379,GC
IraGcu2393,GC
IraGcu24113,GC
IraGcu24130,GC
IraGcu2414,GC
IraGcu24142,GC
IraGcu24163,GC
IraGcu2438,GC
IraGcu2451,GC
IraGcu2465,GC
IraGcu2482,GC
IraGcu2496,GC
IraGcu25115,GC
IraGcu25132,GC
IraGcu25145,GC
IraGcu2515,GC
IraGcu25166,GC
IraGcu2540,GC
IraGcu2552,GC
IraGcu2574,GC
IraGcu2591,GC
IraGcu2599,GC
IraGcu2616,GC
IraLai003,LAIT
IraLai018,LAIT
IraLai032,LAIT
IraLai049,LAIT
IraLai066,LAIT
IraLai085,LAIT
IraLai103,LAIT
IraLai132,LAIT
IraLai151,LAIT
IraLai170,LAIT
IraLai18004,LAIT
IraLai18020,LAIT
IraLai18031,LAIT
IraLai18043,LAIT
IraLai18047,LAIT
IraLai18066,LAIT
IraLai185,LAIT
IraLai19135,LAIT
IraLai19154,LAIT
IraLai19170,LAIT
IraLai19184,LAIT
IraLai20003,LAIT
IraLai20126,LAIT
IraLai20146,LAIT
IraLai20160,LAIT
IraLai20177,LAIT
IraLai2018,LAIT
IraLai2029,LAIT
IraLai2044,LAIT
IraLai2059,LAIT
IraLai2078,LAIT
IraLai2098,LAIT
IraLai21003,LAIT
IraLai21017,LAIT
IraLai21027,LAIT
IraLai21041,LAIT
IraLai21056,LAIT
IraLai21074,LAIT
IraLai21092,LAIT
IraLai21120,LAIT
IraLai21137,LAIT
IraLai21151,LAIT
IraLai21169,LAIT
IraLai22004,LAIT
IraLai22017,LAIT
IraLai22025,LAIT
IraLai22037,LAIT
IraLai22050,LAIT
IraLai22070,LAIT
IraLai22088,LAIT
IraLai22113,LAIT
IraLai22129,LAIT
IraLai22142,LAIT
IraLai22159,LAIT
Iralai2302,LAIT
IraLai23111,LAIT
IraLai23129,LAIT
IraLai23143,LAIT
IraLai23159,LAIT
Iralai2316,LAIT|CLIMAT
IraLai2324,LAIT
IraLai2337,LAIT
IraLai2349,LAIT
IraLai2368,LAIT
IraLai2384,LAIT
IraLai2402,LAIT
IraLai24112,LAIT
IraLai24129,LAIT
IraLai24146,LAIT
IraLai2415,LAIT
IraLai24161,LAIT
IraLai2426,LAIT
IraLai2436,LAIT
IraLai2450,LAIT
IraLai2471,LAIT
IraLai2487,LAIT
IraLai2503,LAIT
IraLai25112,LAIT
IraLai25133,LAIT
IraLai25147,LAIT
IraLai25164,LAIT
IraLai2518,LAIT
IraLai2528,LAIT
IraLai2541,LAIT
IraLai2556,LAIT
IraLai2573,LAIT
IraLai2588,LAIT
IraLai2604,LAIT
IraLai2618,LAIT
IraLeg071,LEGUME
IraLeg1059,LEGUME
IraLeg109,LEGUME
IraLeg138,LEGUME
IraLeg157,LEGUME
IraLeg158,LEGUME
IraLeg159,LEGUME
IraLeg176,LEGUME
IraLeg18007,LEGUME
IraLeg18008,LEGUME
IraLeg18009,LEGUME
IraLeg18010,LEGUME
IraLeg18021,LEGUME
IraLeg18036,LEGUME
IraLeg18037,LEGUME
IraLeg18050,LEGUME
IraLeg18051,LEGUME
IraLeg18052,LEGUME
IraLeg18053,LEGUME
IraLeg18068,LEGUME
IraLeg18069,LEGUME
IraLeg18070,LEGUME
IraLeg18086,LEGUME
IraLeg18087,LEGUME
IraLeg18089,LEGUME
IraLeg18107,LEGUME
IraLeg18108,LEGUME
IraLeg18110,LEGUME
IraLeg18111,LEGUME
IraLeg18135,LEGUME
IraLeg18136,LEGUME
IraLeg18137,LEGUME
IraLeg18156,LEGUME
IraLeg18157,LEGUME
IraLeg18158,LEGUME
IraLeg18159,LEGUME
IraLeg18160,LEGUME
IraLeg18173,LEGUME
IraLeg18174,LEGUME
IraLeg18175,LEGUME
IraLeg18188,LEGUME
IraLeg19007,LEGUME
IraLeg19008,LEGUME
IraLeg19009,LEGUME
IraLeg19010,LEGUME
IraLeg19021,LEGUME
IraLeg19022,LEGUME
IraLeg19038,LEGUME
IraLeg19039,LEGUME
IraLeg19050,LEGUME
IraLeg19051,LEGUME
IraLeg19052,LEGUME
IraLeg19053,LEGUME
IraLeg19069,LEGUME
IraLeg19070,LEGUME
IraLeg19086,LEGUME
IraLeg19087,LEGUME
IraLeg19088,LEGUME
IraLeg19089,LEGUME
IraLeg19107,LEGUME
IraLeg19108,LEGUME
IraLeg19109,LEGUME
IraLeg19110,LEGUME
IraLeg19111,LEGUME
IraLeg19136,LEGUME
IraLeg19137,LEGUME
IraLeg19138,LEGUME
IraLeg19139,LEGUME
IraLeg19155,LEGUME
IraLeg19156,LEGUME
IraLeg19172,LEGUME
IraLeg19173,LEGUME
IraLeg19174,LEGUME
IraLeg19175,LEGUME
IraLeg19187,LEGUME
IraLeg2007,LEGUME
IraLeg2008,LEGUME
IraLeg2009,LEGUME
IraLeg2010,LEGUME
IraLeg20101,LEGUME
IraLeg20102,LEGUME
IraLeg20103,LEGUME
IraLeg20104,LEGUME
IraLeg20105,LEGUME
IraLeg20130,LEGUME
IraLeg20131,LEGUME
IraLeg20132,LEGUME
IraLeg20133,LEGUME
IraLeg20148,LEGUME
iraLeg20149,LEGUME
iraLeg20150,LEGUME
iraLeg20151,LEGUME
iraLeg20152,LEGUME
IraLeg20165,LEGUME
IraLeg20166,LEGUME
IraLeg20167,LEGUME
IraLeg20168,LEGUME
IraLeg20180,LEGUME
IraLeg2021,LEGUME
IraLeg2022,LEGUME
IraLeg2032,LEGUME
IraLeg2033,LEGUME
IraLeg2045,LEGUME
IraLeg2046,LEGUME
IraLeg2047,LEGUME
IraLeg2048,LEGUME
IraLeg2063bis,LEGUME
IraLeg2064bis,LEGUME
IraLeg2065ter,LEGUME
IraLeg2081,LEGUME
IraLeg2082,LEGUME
IraLeg2083,LEGUME
IraLeg2084,LEGUME
IraLeg21006,LEGUME
IraLeg21007,LEGUME
IraLeg21008,LEGUME
IraLeg21020,LEGUME
IraLeg21030,LEGUME
IraLeg21031,LEGUME
IraLeg21043,LEGUME
IraLeg21044,LEGUME
IraLeg21060,LEGUME
IraLeg21061,LEGUME
IraLeg21080,LEGUME
IraLeg21081,LEGUME
IraLeg21082,LEGUME
IraLeg21083,LEGUME
IraLeg21097,LEGUME
IraLeg21098,LEGUME
IraLeg21123,LEGUME
IraLeg21124,LEGUME
IraLeg21125,LEGUME
Iraleg21140,LEGUME
Iraleg21141,LEGUME
Iraleg21142,LEGUME
Iraleg21160,LEGUME
Iraleg21161,LEGUME
Iraleg21162,LEGUME
Iraleg21163,LEGUME
IraLeg21171,LEGUME
Iraleg21172,LEGUME
IraLeg22007,LEGUME
IraLeg22008,LEGUME
IraLeg22009,LEGUME
IraLeg22019,LEGUME
IraLeg22032,LEGUME
IraLeg22033,LEGUME
IraLeg22040,LEGUME
IraLeg22041,LEGUME
IraLeg22059,LEGUME
IraLeg22060,LEGUME
IraLeg22063,LEGUME
IraLeg22073,LEGUME
IraLeg22074,LEGUME
IraLeg22075,LEGUME
IraLeg22076,LEGUME
IraLeg22091,LEGUME
IraLeg22092,LEGUME
IraLeg22119,LEGUME
IraLeg22120,LEGUME
IraLeg22121,LEGUME
IraLeg22135,LEGUME
IraLeg22136,LEGUME
IraLeg22137,LEGUME
IraLeg22138,LEGUME
IraLeg22147,LEGUME
IraLeg22148,LEGUME
IraLeg22149,LEGUME
IraLeg22150,LEGUME
IraLeg22164,LEGUME
IraLeg23039,LEGUME
IraLeg2305,LEGUME
IraLeg2306,LEGUME
IraLeg2307,LEGUME
IraLeg23114,LEGUME
IraLeg23116,LEGUME
IraLeg23130,LEGUME
IraLeg23131,LEGUME
IraLeg23151,LEGUME
IraLeg23154,LEGUME
IraLeg23155,LEGUME
IraLeg23158,LEGUME
IraLeg23163,LEGUME
IraLeg2318,LEGUME
IraLeg2328,LEGUME
IraLeg2329,LEGUME
IraLeg2353,LEGUME
IraLeg2354,LEGUME
IraLeg2355,LEGUME
IraLeg2370,LEGUME
IraLeg2371,LEGUME
IraLeg2377,LEGUME
IraLeg2385,LEGUME
IraLeg2391,LEGUME
IraLeg2392,LEGUME
IraLeg2409,LEGUME
IraLeg24120,LEGUME
IraLeg24122,LEGUME
IraLeg24133,LEGUME
IraLeg24134,LEGUME
IraLeg24135,LEGUME
IraLeg24136,LEGUME
IraLeg24154,LEGUME
IraLeg24155,LEGUME
IraLeg24156,LEGUME
IraLeg24157,LEGUME
IraLeg2416,LEGUME
IraLeg24167,LEGUME
IraLeg2418,LEGUME
IraLeg2431,LEGUME
IraLeg2432,LEGUME
IraLeg2443,LEGUME
IraLeg2458,LEGUME
IraLeg2459,LEGUME
IraLeg2461,LEGUME
IraLeg2476,LEGUME
IraLeg2477,LEGUME
IraLeg2478,LEGUME
IraLeg2493,LEGUME
IraLeg2507,LEGUME
IraLeg2508,LEGUME
IraLeg2509,LEGUME
IraLeg25122,LEGUME
IraLeg25124,LEGUME
IraLeg25125,LEGUME
IraLeg25137,LEGUME
IraLeg25138,LEGUME
IraLeg25139,LEGUME
IraLeg25152,LEGUME
IraLeg25156,LEGUME
IraLeg25157,LEGUME
IraLeg25158,LEGUME
IraLeg25167,LEGUME
IraLeg2520,LEGUME
IraLeg2534,LEGUME
IraLeg2535,LEGUME
IraLeg2547,LEGUME
IraLeg2548,LEGUME
IraLeg2563,LEGUME
IraLeg2565,LEGUME
IraLeg2579,LEGUME
IraLeg2580,LEGUME
IraLeg2581,LEGUME
IraLeg2597,LEGUME
IraLeg2606,LEGUME
IraLeg2607,LEGUME
IraLeg2609,LEGUME
IraLeg2620,LEGUME
IraPra057,FOURRAGE
IraPra073,FOURRAGE
IraPra094,FOURRAGE
IraPra113,FOURRAGE
IraPra121,FOURRAGE
IraPra140,FOURRAGE
IraPra164,FOURRAGE
IraPra19122,FOURRAGE
IraPra19144,FOURRAGE
IraPra19163,FOURRAGE
IraPra20106,FOURRAGE
IraPra20119,FOURRAGE
IraPra20137,FOURRAGE
IraPra20156,FOURRAGE
IraPra2052,FOURRAGE
IraPra2070,FOURRAGE
IraPra2088,FOURRAGE
IraPra21048,FOURRAGE
IraPra21067,FOURRAGE
IraPra21084,FOURRAGE
IraPra21099,FOURRAGE
IraPra21108,FOURRAGE
IraPra21126,FOURRAGE
IraPra21143,FOURRAGE
IraPra22045,FOURRAGE
IraPra22061,FOURRAGE
IraPra22072,FOURRAGE
IraPra22093,FOURRAGE
IraPra22101,FOURRAGE
IraPra22115,FOURRAGE
IraPra22131,FOURRAGE
IraPra22146,FOURRAGE
IraPra23100,FOURRAGE
IraPra23117,FOURRAGE
IraPra23135,FOURRAGE
IraPra23146,FOURRAGE
IraPra2343,FOURRAGE
IraPra2357,FOURRAGE
IraPra2372,FOURRAGE
IraPra2390,FOURRAGE
IraPra24115,FOURRAGE
IraPra24131,FOURRAGE
IraPra24149,FOURRAGE
IraPra2442,FOURRAGE
IraPra2464,FOURRAGE
IraPra2472,FOURRAGE
IraPra2490,FOURRAGE
IraPra2499,FOURRAGE
IraPra25105,FOURRAGE
IraPra25121,FOURRAGE
IraPra25135,FOURRAGE
IraPra25154,FOURRAGE
IraPra2545,FOURRAGE
IraPra2562,FOURRAGE
IraPra2578,FOURRAGE
IraPra2593,FOURRAGE
IraPri014,PRIX
IraPri023,PRIX
IraPri043,PRIX
IraPri058,PRIX
IraPri072,PRIX
IraPri093,PRIX
IraPri125,PRIX
IraPri139,PRIX
IraPri177,PRIX
IraPri18014,PRIX
IraPri18026,PRIX
IraPri18042,PRIX
IraPri18057,PRIX
IraPri18073,PRIX
IraPri18094,PRIX
IraPri19126,PRIX
IraPri19140,PRIX
IraPri19180,PRIX
IraPri19191,PRIX
IraPri192,PRIX
IraPri20115,PRIX
IraPri20138,PRIX
IraPri2014,PRIX
IraPri20173,PRIX
IraPri20184,PRIX
IraPri2026,PRIX
IraPri2038,PRIX
IraPri2053,PRIX
IraPri2071,PRIX
IraPri2089,PRIX
IraPri21010,PRIX
IraPri21024,PRIX
IraPri21036,PRIX
IraPri21049,PRIX
IraPri21066,PRIX
IraPri21085,PRIX
IraPri21112,PRIX
IraPri21130,PRIX
IraPri21164,PRIX
IraPri21176,PRIX
IraPri22013,PRIX
IraPri22023,PRIX
IraPri22034,PRIX
IraPri22046,PRIX
IraPri22062,PRIX
IraPri22080,PRIX
IraPri22102,PRIX
IraPri22122,PRIX
IraPri22155,PRIX
IraPri22165,PRIX
IraPri23102,PRIX
IraPri2312,PRIX
IraPri23121,PRIX
IraPri23150,PRIX
IraPri23164,PRIX
IraPri2322,PRIX
IraPri2333,PRIX
IraPri2344,PRIX
IraPri2361,PRIX
IraPri2376,PRIX
IraPri2410,PRIX
IraPri24103,PRIX
IraPri24119,PRIX
IraPri24158,PRIX
IraPri24168,PRIX
IraPri2422,PRIX
IraPri2433,PRIX
IraPri2444,PRIX
IraPri2462,PRIX
IraPri2479,PRIX
IraPri25106,PRIX
IraPri25126,PRIX
IraPri2513,PRIX
IraPri25161,PRIX
IraPri25168,PRIX
IraPri2524,PRIX
IraPri2533,PRIX
IraPri2549,PRIX
IraPri2566,PRIX
IraPri2582,PRIX
IraPri2613,PRIX
IraPri2624,PRIX
IraVit106,VITI
IraVit146,VITI
IraVit166,VITI
IraVit18106,VITI
IraVit18120,VITI
IraVit19120,VITI
IraVit19145,VITI
IraVit19167,VITI
IraVit20109,VITI
IraVit20121,VITI
IraVit20140,VITI
IraVit20158,VITI
IraVit21103,VITI
IraVit21114,VITI
IraVit21131,VITI
IraVit21150,VITI
IraVit22095,VITI
IraVit22107,VITI
IraVit22124,VITI
IraVit22141,VITI
IraVit23104,VITI
IraVit23123,VITI
IraVit23138,VITI
IraVit2394,VITI
IraVit24105,VITI
IraVit24124,VITI
IraVit24141,VITI
IraVit2494,VITI
IraVit25109,VITI
IraVit25128,VITI
IraVit25144,VITI
IraVit2598,VITI
LetConj2001,TOUTCULT|TOUTCHEP|PRIX
LetConj2002,GRAMEM
LetConj2003,TOUTCHEP|TOUTCULT|PRIX
LetConj2101,TOUTCULT|TOUTCHEP|PRIX
LetConj2102,TOUTCULT|TOUTCHEP|PRIX
LetConj2103,TOUTCULT|TOUTCHEP|PRIX
LetConj2104,TOUTCULT|TOUTCHEP|PRIX
LetConj2201,TOUTCULT|TOUTCHEP|PRIX
LetConj2202,TOUTCULT|TOUTCHEP|PRIX
LetConj2203,PRIX|TOUTCULT|TOUTCHEP
LetConj2204,TOUTCULT|TOUTCHEP|PRIX
LetConj2301,TOUTCULT|TOUTCHEP|PRIX
LetConj2302,TOUTCULT|TOUTCHEP|PRIX
LetConj2303,TOUTCULT|TOUTCHEP|PRIX
LetConj2304,TOUTCULT|TOUTCHEP|PRIX
LetConj2401,TOUTCULT|TOUTCHEP|PRIX
LetConj2402,TOUTCULT|TOUTCHEP|PRIX
LetConj2403,TOUTCULT|TOUTCHEP|PRIX
LetConj2404,TOUTCULT|TOUTCHEP|PRIX
LetConj2502,TOUTCULT|TOUTCHEP|PRIX
LetConj2503,TOUTCULT|TOUTCHEP|PRIX
LetConj2504,TOUTCULT|TOUTCHEP|PRIX
LetConj2601,TOUTCULT|TOUTCHEP|PRIX
MemAli2015,GRAMEM
MemBoi2012,GRAMEM
MemIaa2013,GRAMEM
MemReg2016,GRAMEM
MemSta2017,GRAMEM
MemSta2018,GRAMEM
MemSta2018-en,GRAMEM
MemSta2019,GRAMEM
MemSta2020,GRAMEM
MemSta2020-en,GRAMEM
MemSta2021,GRAMEM
MemSta2021-en,GRAMEM
MemSta2022,GRAMEM
MemSta2022-en,GRAMEM
MemSta2023,GRAMEM
MemSta2023-en,GRAMEM
MemSta2024,GRAMEM
MemSta2024-en,GRAMEM
MemSta2025,GRAMEM
MemSta2025-en,GRAMEM
Ndl1,FERTI|CLIMAT|EAU
Ndl10,AGROENV|TAILLE|BIO
Ndl100,ALIMSECU|EVALPOL|ANAECO
Ndl101,ALIMCOMP|ALIMSECU|ANAECO
Ndl102,PROSP|ANASOC|EVALPOL
Ndl103,ALIMCOMP|ANAECO|COMPINT
Ndl104,ALIMCOMP|ANAECO|PROSP
Ndl105,SANTE|TIC|PROSP
Ndl106,ALIMCOMP|ANASOC|IAAFIL
Ndl107,ALIMCOMP|ANASOC|PROSP
Ndl108,ANAECO|COMPINT|COMEXT
Ndl109,ALIMCOMP|ALIMSECU|ANASOC
Ndl11,AGROENV|CLIMAT
Ndl110,ALIMCOMP|ANASOC|COMPINT
Ndl111,IAAFIL|ANAECO|ALIMCOMP
Ndl112,AGROENV|BIO|TOUTCULT
Ndl113,TAILLE|STATUT|ANASOC
Ndl114,ALIMCOMP|ANASOC|PROSP
Ndl115,ALIMCOMP|ANASOC|PROSP
Ndl116,ANAECO|ANASOC|COMPINT
Ndl117,AGROENV|COMPINT|IAAFIL
Ndl118,STATUT|ANAECO|TAILLE
Ndl119,ALIMCOMP|ANASOC|ANAECO
Ndl12,ALIMCOMP|AGROALIM
Ndl120,SANTE|ALIMCOMP|ANASOC
Ndl121,ANASOC|ANAECO
Ndl122,EAU|COMPINT|ALIMSECU
Ndl123,VOLAIL|IAAFIL|ANASOC
Ndl124,COMPINT|ALIMCOMP|BOVIN
Ndl125,ANAECO|GC|ALIMSECU
Ndl126,ANASOC|ALIMCOMP|TOUTCHEP
Ndl127,ANASOC|ALIMCOMP
Ndl128,AGROENV|ALIMCOMP|ANASOC
Ndl129,ALIMSECU|ANAECO|COMPINT
Ndl13,COMPINT|ANAECO
Ndl130,AGROENV|CAPOV|ANASOC
Ndl131,FOURRAGE|ANASOC|AGROENV
Ndl132,EQUIP|TIC|IAAFIL
Ndl133,ALIMSECU|BIO|ANASOC
Ndl134,BIO|ANASOC|SOL
Ndl135,ALIMCOMP|COMPINT
Ndl136,AGROENV|AUTPRA|TOUTCULT
Ndl137,ANASOC|TAILLE|AGROEMP
Ndl138,SOCIO|AGROEMP|TAILLE
Ndl139,AGROENV|ANASOC|COMPINT
Ndl14,AGROALIM|ALIMCOMP
Ndl140,SOCIO|AGROEMP|TAILLE
Ndl141,AGROEMP|VITI|ANASOC
Ndl142,ALIMSECU|SANTE|COMPINT
Ndl143,RESFOR|EXFOSCI|ANASOC
Ndl144,BIO|ANASOC|PROSP
Ndl145,ANAECO|FERTI|AGROENV
Ndl146,AGROEMP|AGROFORM|SOCIO
Ndl147,AGROENV|AUTPRA|ANASOC
Ndl148,ANASOC|ALIMCOMP|ANAECO
Ndl149,ANASOC|AGROEMP|TAILLE
Ndl15,AGROALIM|ANASOC
Ndl150,ALIMCOMP|ANASOC|COMPINT
Ndl151,BIO|ANAECO|ALIMCOMP
Ndl152,AGROENV|CAPOV|BIO
Ndl153,ANAECO|ALIMCOMP|ANASOC
Ndl154,TOUTCHEP|ALIMCOMP|ANASOC
Ndl155,AGROENV|BIO|EVALPOL
Ndl156,AGROENV|CLIMAT
Ndl157,ALIMCOMP|ANASOC|IAAFIL
Ndl158,ANASOC|AGROENV|PROSP
Ndl159,ALIMCOMP|ANASOC|ANAECO
Ndl16,SOL|BIO|COMPINT
Ndl160,PROT|AGROENV|ANASOC
Ndl161,AQUAPROD|AQUAECO|AQUASTRU
Ndl162,BIO|SOCIO|TAILLE
Ndl163,BIO|ANASOC|TAILLE
Ndl164,COMPINT|ANAECO|ANASOC
Ndl165,AQUASTRU|AQUAPROD|ANASOC
Ndl166,ALIMCOMP|SANTE|ALIMSECU
Ndl17,SANTE|ANASOC
Ndl18,BIO|ANASOC
Ndl19,SOCIO|AGROEMP|ANASOC
Ndl2,AGROENV|ANAECO|EVALPOL
Ndl20,ALIMSECU|ALIMCOMP|AGROALIM
Ndl21,ALIMSECU|ALIMCOMP|AGROALIM
Ndl22,AGROENV|AUTPRA|PROSP
Ndl23,ALIMCOMP|PROSP
Ndl24,ALIMCOMP|NRJ|ANASOC
Ndl25,AGROENV|AUTPRA
Ndl26,PRIX|IAAFIL|COMPINT
Ndl27,SANTE|PROSP
Ndl28,AGROENV|PROSP
Ndl29,ALIMCOMP|AGROALIM
Ndl3,AGROENV|AUTPRA
Ndl30,SOCIO|AGROEMP|AGROFORM|AGROINST
Ndl31,IAAFIL|COMPINT|AIDE
Ndl32,LEGUME|FRUIT|ALIMCOMP
Ndl33,TOUTCHEP|ANASOC
Ndl34,AGROENV|AUTPRA
Ndl35,CLIMAT|PROSP
Ndl36,BIO|ANASOC
Ndl37,EVALPOL|PROSP|ANAECO|IAAFIL
Ndl38,BIO|AIDE
Ndl39,AGROINST|BIO|AGROEMP|AGROFORM
Ndl4,ALIMSECU|ALIMCOMP
Ndl40,SOL|COMPINT
Ndl41,SOCIO|AGROEMP|ANASOC
Ndl42,SOCIO|AGROEMP|AGROINST
Ndl43,COMPINT|ALIMSECU|PROSP
Ndl44,SOCIO|AGROEMP|AGROINST
Ndl45,LEGUME|ALIMCOMP|IAAFIL
Ndl46,ALIMCOMP|TOUTCHEP|ANASOC
Ndl47,AGROENV|BIO|AGROALIM|ANASOC
Ndl48,ALIMCOMP|SANTE|ANASOC
Ndl49,ALIMCOMP|TOUTCHEP|ANASOC
Ndl5,ALIMCOMP|IAAFIL
Ndl50,ALIMCOMP|SANTE|ANASOC
Ndl51,BIO|SOCIO|AGROEMP
Ndl52,COMPINT|AGROENV|ANAECO
Ndl53,BIO|EVALPOL|ANASOC
Ndl54,ALIMCOMP|BOVIN|PROSP
Ndl55,AGROENV|CLIMAT|SOL|EAU
Ndl56,AUTANI|ALIMCOMP|ANASOC
Ndl57,TISSU|TIC|IAAENV
Ndl58,AGROALIM|COMPINT|ALIMSECU
Ndl59,LEGUME|FRUIT|COMPINT
Ndl6,BIO|AGROENV
Ndl60,AGROENV|AUTPRA|PROT|FERTI
Ndl61,CLIMAT|AGROENV|ANASOC
Ndl62,BIO|BIO|ANASOC
Ndl63,EVALPOL|AGROENV|ANAECO
Ndl64,PROT|AGROENV|AUTPRA
Ndl65,AGROINST|SOCIO|AGROEMP
Ndl66,PROSP|ALIMCOMP|ANASOC
Ndl67,PRAELEV|AGROEMP|COMPINT|ANASOC
Ndl68,COMMER|ALIMCOMP|AIDE
Ndl69,PRAELEV|AGROEMP|AGROFORM
Ndl7,IAAFIL|ANAECO
Ndl70,SOCIO|COMPINT|ANASOC
Ndl71,CAPOV|AGROEMP|BIO
Ndl72,TOUTCHEP|ALIMCOMP|SANTE
Ndl73,RESFOR|BIO|EVALPOL
Ndl74,BIO|ANASOC|AGROENV
Ndl75,AGROENV|IAAFIL|ANAECO
Ndl76,ALIMCOMP|ANASOC|ANAECO
Ndl77,BIO|ANASOC|SOCIO
Ndl78,ALIMCOMP|ANASOC|ANAECO
Ndl79,ALIMCOMP|ANASOC|COMPINT
Ndl8,ANAECO|COMPINT
Ndl80,ALIMCOMP|ANASOC|SANTE
Ndl81,ANASOC|EVALPOL
Ndl82,SOL|AGROENV|ANAECO
Ndl83,COMPINT|PROSP|ANAECO
Ndl84,ANASOC|AGROEMP
Ndl85,ALIMCOMP|ANASOC|SANTE
Ndl86,ANASOC|TOUTCHEP|EVALPOL
Ndl87,BIO|ANASOC|SOCIO
Ndl88,SOCIO|ANASOC|BIO
Ndl89,ALIMCOMP|ANASOC|ANAECO
Ndl9,SOL|COMPINT
Ndl90,ALIMCOMP|ANASOC|PROSP
Ndl91,ALIMCOMP|ANASOC|TOUTCHEP
Ndl92,PROSP|ANAECO|IAAFIL
Ndl93,ALIMCOMP|COMPINT|ANASOC
Ndl94,COMPINT|ALIMSECU|IAAFIL
Ndl95,EQUIP|AGROEMP|TIC
Ndl96,TOUTCULT|ALIMSECU|AGROENV
Ndl97,ALIMCOMP|ANASOC|PROSP
Ndl98,SANTE|COMPINT|PROSP
Ndl99,ANASOC|TOUTCHEP|PROSP
Nes26A1,BIO|EVALPOL
Nes26A2,EVALPOL|BIO
Nes26A3,EVALPOL|RESECO
Nes27A1,PRIX|IAAFIL|ANAECO
Nes27A2,ANAECO|IAAFIL|PRIX
Nes27A3,AIDE|COMPINT|ANAECO
Nes28A1,AGROENV|EVALPOL|AIDE
Nes28A2,COMPINT|AIDE|ANAECO
Nes28A3,COMPINT|ANAECO|IAAFIL
Nes29A1,LAIT|TAILLE|ANAECO
Nes29A2,TAILLE|BOVIN|ANAECO
Nes29A3,TAILLE|GC|ANAECO
Nes29A4,TAILLE|GC|ANAECO
Nes30A1,EVALPOL|AIDE|CLIMAT
Nes30A2,ANAECO|AIDE
Nes30A3,COMPINT|PORC
Nes30A4,COMPINT|ANAECO
Nes31A1,AIDE|COMPINT
Nes31A2,EVALPOL|ANAECO|PROSP
Nes31A3,EVALPOL|EAU|AIDE
Nes32A1,COMPINT|IAAFIL|FRUIT|LEGUME
Nes32A2,AGROEMP|SOCIO|ANAECO
Nes32A3,AIDE|PROT|EVALPOL
Nes33A1,EVALPOL|BIO|PROSP
Nes33A2,EVALPOL|AGROENV|AIDE
Nes33A3,EVALPOL|BIO|AIDE
Nes34A1,AIDE|IAAFIL|ANAECO
Nes34A2,COMPINT|TAILLE|STATUT
Nes34A3,SOL|COMPINT|PROSP
Nes34A4,EVALPOL|ANAECO|IAAFIL
Nes35A1,PROT|AGROENV|PROSP
Nes35A2,SOQO|AGROENV
Nes35A3,AGROENV|SOQO|BIO
Nes35A4,AGROENV|SOQO|COMMER
Nes35A5,AGROENV|BIO
Nes35A6,PORC|COMPINT|ANAECO
Nes36A1,EVALPOL|SANTE|ANAECO
Nes36A2,EVALPOL|GC|ANAECO
Nes36A3,EVALPOL|ANAECO|IAAFIL
Nes36A4,EVALPOL|ANASOC
Nes36A5,EVALPOL|BIO|AIDE
Nes36A6,EVALPOL
Nes36A7,EVALPOL|COMPINT
Nes37A1,EVALPOL|LAIT
Nes37A2,EVALPOL|BOVIN|AGROENV
Nes37A3,EVALPOL|AGROENV|FOURRAGE
Nes37A4,EVALPOL|PRIX|ALIMCOMP
Nes37A5,TOUTCHEP|IAAFIL|COMPINT
Nes37A6,EVALPOL|IAAFIL|TOUTCHEP
Nes37A7,EVALPOL|ALIMSECU|CLIMAT
Nes37A8,SOCIO|AGROFORM|ANASOC
Nes37A9,EVALPOL|COMPINT|ALIMSECU
Nes38A1,EVALPOL|CLIMAT|AGROENV
Nes38A2,CLIMAT|EVALPOL
Nes38A3,CLIMAT|EVALPOL|AGROENV
Nes38A4,CLIMAT|EVALPOL|TOUTCHEP
Nes38A5,CLIMAT|EVALPOL
Nes38A6,AGROENV|FOURRAGE|AUTPRA
Nes39A1,AGROENV|EVALPOL|AIDE
Nes39A2,ALIMSECU|ALIMCOMP|ANASOC
Nes39A4,TIC|ALIMCOMP|EVALPOL
Nes39A5,SANTE|EVALPOL
Nes39A6,EVALPOL|COMPINT|GC|NRJ
Nes39A7,PROT|EVALPOL|TOUTCULT
Nes39A8,IAAFIL|PRAELEV|EVALPOL
Nes40A1,SOL|AGROENV|TOUTCULT
Nes40A2,SANTE|COMPINT|EVALPOL
Nes40A3,COMPINT|PRAELEV|ANASOC
Nes41A1,AGROINST|PROSP|SOCIO|STATUT
Nes41A2,SOL|EVALPOL|BIO
Nes41A3,IAAFIL|GC
NES42-A1,ANAECO|LAIT|TAILLE
NES42-A2,EVALPOL|CAPOV|ANAECO
NES42-A3,AGROFORM|EVALPOL|ANASOC
NES42-A4,ANAECO|ANASOC
Nes42A1,ANAECO|LAIT|TAILLE
Nes42A2,EVALPOL|CAPOV|ANAECO
Nes42A3,AGROFORM|EVALPOL|ANASOC
Nes42A4,ANAECO|ANASOC
NES43-A2,EVALPOL|AGROENV|ANAECO
NES43-A3,GC|ANAECO|COMPINT
NES43-A4,ANAECO|ANASOC
Nes43A1,ALIMCOMP|PROSP|AGROALIM
Nes43A2,EVALPOL|AGROENV|ANAECO
Nes43A3,GC|ANAECO|COMPINT
Nes43A4,ANAECO|ANASOC
Nes44-A1,TOUTCHEP|ALIMCOMP|ANASOC
NES44-A2,ALIMCOMP|ANASOC|COMPINT
NES44-A3,ANAECO|COMPINT|COMMER
NES44-A4,ANAECO|ANASOC
Nes44A2,ANAECO|ANASOC
Nes44A3,ANAECO|COMPINT|COMMER
Nes44A4,ANAECO|ANASOC
NES45-A1,ANAECO|AGROEMP|SOCIO
Nes45-A2,AGROENV|EVALPOL|BIO
NES45-A3,PROSP|BIO|ANASOC
NES45-A4,ANAECO|ANASOC
Nes45A1,ANAECO|AGROEMP|SOCIO
Nes45A3,PROSP|BIO|ANASOC
Nes45A4,ANAECO|ANASOC
Nes46A1,COMPINT|COMEXT|IAAFIL
Nes46A2,ANASOC|TOUTCHEP|COMMER
Nes46A3,ANAECO|AGROEMP|PRIX
Nes46A4,ANAECO|ANASOC
Nes47A0,ANAECO|ANASOC
Nes47A1,ALIMCOMP|ANASOC
Nes47A2,TAILLE|AGROEMP|STATUT
Nes47A3,EVALPOL|AGROENV
Nes47A4,ANAECO|ANASOC
Nes48A1,LAIT|TAILLE|AGROEMP
Nes48A2,TOUTCHEP|PRAELEV|PROSP
Nes48A3,AGROENV|AIDE
Nes48A4,ANAECO|ANASOC
NES49-A1,ANAECO|RESECO|AIDE
NES49-A2,ANAECO|NRJ|DIVERS
NES49-A3,ANASOC|COMMER|SOCIO
NES49-A4,ANAECO|ANASOC
Nes49A1,ANAECO|RESECO|AIDE
Nes49A2,ANAECO|NRJ|DIVERS
Nes49A3,ANASOC|COMMER|SOCIO
Nes49A4,ANAECO|ANASOC
NES50-A1,AIDE|AGROEMP|SOCIO
NES50-A2,ANAECO|AIDE|TAILLE
NES50-A3,PROSP|RECBOIS
NES50-A4,ANAECO|ANASOC
Nes50A1,ANAECO|ANASOC
Nes50A2,ANAECO|ANASOC
Nes50A3,ANAECO|ANASOC
Nes50A4,ANAECO|ANASOC
Nes51-A1,TOUTCHEP|AGROEMP|ANAECO
Nes51-A2,AGROENV|AIDE|ANAECO
Nes51-A3,TOUTCULT|ANAECO|AGROENV
Nes51-A4,ANAECO|ANASOC
Nes51A1,ANAECO|ANASOC
Nes51A2,ANAECO|ANASOC
Nes51A3,ANAECO|ANASOC
Nes51A4,ANAECO|ANASOC
Nes52A1,TAILLE|STATUT|ANAECO
Nes52A2,SOQO|FERTI|ANAECO
Nes52A3,EVALPOL|ANAECO|IAAFIL
Nes52A4,ANAECO|ANASOC
Ouv201001,NRJ|PROSP|ANASOC
Ouv201202,PROSP|SOCIO|AGROEMP|AGROFORM
Ouv201309,PROSP|CLIMAT|BIO|RESFOR
Ouv201612,AGROENV|EVALPOL
Ouv201701,PROSP|COMPINT|ALIMSECU
Ouv201703,PROSP|AGROFORM|AGROEMP
Ouv201901,ANAECO|AGROEMP|SOCIO
Pri1203A-en,GRAMEM
Pri1203B-en,GRAMEM
Pri1203C-en,GRAMEM
Pri1203D-en,GRAMEM
Pri187,LAIT|AGROALIM
Pri188,PORC|PRAELEV
Pri189,LAIT|AGROALIM|SOQO
Pri190,RESECO
Pri191,TAILLE|SOCIO
Pri192,TIC
Pri193,EAU
Pri194,AUTPRA|GC|EAU
Pri195,AIDE|GC
Pri196,COMPTES
Pri197,AIDE
Pri198,IAAECO|TISSU
Pri199,AUTPRA|FRUIT|TOUTCULT|STATUT|VITI|FERTI|BOISECO|LAIT|SOQO|TAILLE|IAAENV|VOLAIL|TOUTCHEP|BIO|AIDE|PROSP|PROT|AGROEMP|CLIMAT|ALIMSECU|EQUIP|AUTANI|COMPINT|EVALPOL|PRAELEV|RESECO|PORC|LEGUME|FOURRAGE|GC|HORTI|SANTE|SOCIO|PRIX|TISSU|AGROINST|COMPTES|AGROFORM|RESFOR|RECBOIS|GRAMEM|AGROALIM|EXFOSCI|AGROENV|NRJ|IAAECO|SOL
Pri200,TIC
Pri2002,IAAENV
Pri2003,AIDE
Pri2004,ALIMCOMP
Pri2005,TOUTCULT|BIO
Pri2006,COMPTES|TOUTCULT|TOUTCHEP
Pri2007,RESECO
Pri2008,AQUAECO
Pri201,TISSU
Pri202,AIDE|TOUTCHEP
Pri2020-1,RESECO
Pri203,AGROALIM|GC
Pri204,RESECO|COMPTES
Pri205,LAIT|SOQO
Pri206,NRJ|GC
Pri207,AUTPRA|GC
Pri208,AGROALIM|LAIT
Pri209,FRUIT|COMMER|TAILLE
Pri210,GC
Pri2101,AGROALIM
Pri2102,RECBOIS
Pri2103,COMPTES|TOUTCULT|TOUTCHEP
Pri2104,AQUAPROD|AQUAECO
Pri2105,SOCIO|TAILLE|TOUTCULT|TOUTCHEP
Pri2105-en,SOCIO|TAILLE|TOUTCULT|TOUTCHEP
Pri2106,RESECO
Pri2107,RESECO|AGROEMP
Pri2108,AQUAECO
Pri211,COMEXT|COMPINT
Pri212,COMPTES|RESECO
Pri213,IAAECO|TISSU
Pri214,BOVIN
Pri215,TAILLE|STATUT
Pri216,FERTI|AUTPRA|GC
Pri217,BIO|SOL
Pri218,RESECO|COMPTES
Pri219,BIO|SOL
Pri220,TISSU
Pri2201,AQUAECO|AQUAPROD
Pri2202,RECBOIS
Pri2202 ,RECBOIS
Pri2203,RECBOIS
Pri2204,SOCIO|TAILLE|RESECO
Pri2205,BOVIN
Pri2206,AQUAPROD|AQUAECO
Pri2207,AQUAPROD|AQUAECO
Pri2208,AQUAPROD|AQUAECO
Pri2209,COMPTES|TOUTCULT|TOUTCHEP
Pri221,AUTPRA|VITI
Pri2210,SOCIO
Pri2211,AGROEMP|TAILLE
Pri2212,SOQO
Pri2213,SOCIO|TAILLE|TOUTCULT|TOUTCHEP
Pri2213-en,SOCIO|TAILLE|TOUTCULT|TOUTCHEP
Pri2214,RESECO
Pri2215-en,SOCIO|TAILLE|TOUTCULT|TOUTCHEP
Pri222,LAIT|AGROALIM
Pri223,SOCIO|TAILLE
Pri224,NRJ
Pri225,TIC
Pri226,PROT|GC
Pri227,AQUASTRU|AQUAPROD
Pri228,COMPTES|RESECO
Pri229,IAAENV
Pri230,VITI|PROT
Pri2301,AGROALIM
Pri2302,AQUAECO
Pri2303,RECBOIS
Pri2304,RECBOIS
Pri2305,COMMER
Pri2306,RECBOIS
Pri2307,RECBOIS
Pri2308,GC|AUTPRA
Pri2309,GC|AGROALIM
Pri231,NRJ
Pri2310,BOVIN
Pri2311,PROT
Pri2312,COMPTES|TOUTCULT|TOUTCHEP
Pri2313,AQUAPROD|AQUAECO|AQUASTRU
Pri2314,RESECO
Pri232,IAAENV
Pri233,AQUAPROD
Pri234,RESECO|COMPTES
Pri235,TISSU
Pri236,ALIMCOMP
Pri237,PROT|GC
Pri238,VOLAIL|SOQO
Pri239,SOQO|LAIT
Pri240,EQUIP|BOVIN|PRAELEV
Pri2401,TOUTCULT|TOUTCHEP
Pri2402,AGROFORM|AGROINST|AGROEMP
Pri2403,AQUAPROD|AQUAECO
Pri2404,COMPTES|TOUTCULT|TOUTCHEP
Pri2405,GC
Pri2406,RECBOIS
Pri2407,AQUAPROD|AQUAECO
Pri2408,RESECO
Pri241,EQUIP|PORC|PRAELEV
Pri242,TIC
Pri243,COMPTES|RESECO
Pri244,CAPOV|LAIT|EQUIP|PRAELEV
Pri245,IAAENV
Pri246,SOL|BIO
Pri247,COMPTES|RESECO
Pri248,PRAELEV|PORC|EQUIP
Pri249,IAAENV
Pri250,EAU
Pri2501,SOL
Pri2502,TAILLE|STATUT|SOQO|COMMER|EQUIP|DIVERS
Pri2503,COMPTES|TOUTCULT|TOUTCHEP
Pri2504,AQUAECO
Pri2505,AIDE
Pri2506,RESECO
Pri2507,TISSU
Pri251,NRJ
Pri252,RESECO|COMPTES
Pri253,PORC|PRAELEV|EQUIP
Pri254,RECBOIS
Pri255,AQUASTRU|AQUAPROD
Pri256,GC
Pri257,IAAENV
Pri258,AGROALIM|GC
Pri259,EVALPOL
Pri260,SOL|BIO
Pri261,NRJ
Pri262,FRUIT
Pri263,COMPTES|RESECO
Pri264,LAIT|AGROALIM
Pri265,PRIX|SOL
Pri266,TAILLE|AGROEMP
Pri267,AGROALIM
Pri268,LAIT|AGROALIM
Pri269,TIC
Pri270,TAILLE|AGROEMP
Pri271,VITI
Pri272,TAILLE
Pri273,RESECO|COMPTES
Pri274,VOLAIL|TAILLE
Pri275,COMMER
Pri276,AGROEMP
Pri277,FRUIT|TAILLE
Pri278,NRJ
Pri279,IAAENV
Pri280,SOQO|LAIT
Pri281,SOCIO|AGROFORM|AGROINST
Pri282,AUTANI
Pri283,GC
Pri284,SOQO
Pri285,COMPTES|RESECO
Pri286,GC|BILAN|AGROALIM
Pri287,AGROALIM
Pri288,PROT|VITI|AUTPRA
Pri289,PROT|VITI|AUTPRA
Pri290,LAIT|AGROALIM
Pri291,FERTI
Pri292,AUTPRA|EAU
Pri293,SOCIO|AGROINST
Pri294,SOQO
Pri295,RESECO|COMPTES
Pri296,LAIT|AGROALIM
Pri297,IAAENV
Pri298,HORTI
Pri299,BIO|TAILLE
Pri300,PORC|TAILLE
Pri301,NRJ
Pri302,DIVERS
Pri303,COMPTES|RESECO
Pri304,GC|PROT
Pri305,AGROALIM
Pri306,RESFOR|EXFOSCI
Pri307,RESECO
Pri308,LAIT|BIO
Pri309,IAAECO|TISSU
Pri310,RECBOIS
Pri311,NRJ
Pri312,NRJ
Pri313,SOL|BIO
Pri314,RESECO
Pri315,RESFOR|EXFOSCI
Pri316,AQUASTRU|AQUAPROD
Pri317,GC|AGROALIM
Pri318,AGROALIM
Pri319,IAAENV
Pri320,RECBOIS
Pri321,RESECO
Pri322,LAIT|AGROALIM
Pri323,PROT|FRUIT
Pri324,BIO|TAILLE
Pri325,STATUT|TAILLE
Pri326,SOL|BIO
Pri327,AGROEMP|SOCIO
Pri328,TAILLE|AGROEMP
Pri329,LAIT|AGROALIM
Pri330,AGROALIM
Pri331,PROT|LEGUME
Pri332,RESECO
Pri333,RECBOIS
Pri334,EQUIP
Pri335,AGROFORM
Pri336,PROT|VITI
Pri337,HORTI|TAILLE|AGROEMP
Pri338,AGROALIM
Pri339,IAAENV
Pri340,LAIT|AGROALIM
Pri341,RECBOIS
Pri342,RESECO
Pri343,PROT|VITI|AUTPRA
Pri344,AGROENV
Pri345,IAAENV
Pri346,AGROALIM|IAAFIL
Pri347,IAAENV
Pri348,GC|RESECO
Pri349,RECBOIS
Pri350,TAILLE
Pri351,AGROALIM
Pri352,BOVIN|PRAELEV
Pri353,AQUAECO
Pri354,RESECO
Pri355,RECBOIS
Pri356,BOVIN|PRAELEV
Pri357,COMPTES
Pri358,AGROALIM
Pri359,AQUAECO
Pri360,RECBOIS
Rap2202-1,GC|IAAFIL|ANAECO
Rap2212,AGROENV|FERTI|ANAECO
Rap2311,TOUTCULT|PROT|PROSP
Rap2403,AQUAPROD|AQUAECO|EVALPOL
Rap2406,COMPINT|COMEXT|IAAFIL
Rap2406-1,TOUTCHEP|PRAELEV|ANAECO
Rap2406-2,AIDE|ANAECO|RESECO
Rap2409,ANASOC|EVALPOL
Rap2508,AGROENV|SOQO|IAAFIL
Rap2509,PROSP|FRUIT|LEGUME
Syn301,AGROALIM|IAAFIL|PRIX
Syn303,PORC
Syn307,CAPOV
Syn313,BOVIN
Syn315,IAAECO
Syn316,LAIT
Syn319,FRUIT
Syn320,IAAECO
Syn321,COMEXT
Syn322,AGROALIM|IAAFIL|PRIX
Syn323,FRUIT
Syn324,CAPOV
Syn325,PORC
Syn326,GC
Syn327,GC
Syn328,LEGUME
Syn329,BOVIN
Syn331,GC
Syn332,IAAECO
Syn333,LEGUME
Syn334,FRUIT
Syn336,IAAECO
Syn337,AGROALIM|IAAFIL|PRIX
SYN338,COMEXT
Syn339,FRUIT
Syn340,CAPOV
Syn341,IAAECO
Syn342,LAIT
Syn343,GC
Syn344,GC
Syn345,PORC
Syn346,IAAECO
Syn347,LEGUME
Syn348,BOVIN
SYN349,VOLAIL
Syn350,GC
Syn351,FRUIT
Syn352,LEGUME
SynAbo20354,CAPOV
SynAbo21369,CAPOV
SynAbo21377,PORC
SynAbo21378,BOVIN
SynAbo22387,CAPOV
SynAbo22389,PORC
SynAbo22393,BOVIN
SynAbo23404,CAPOV
SynAbo23406,PORC
SynAbo23410,BOVIN
SynAbo24428,BOVIN
SynAbo24429,CAPOV
SynAbo24430,PORC
SynAbo25438,CAPOV
SynAbo25439,PORC
SynAbo25440,BOVIN
SynAvi21373,VOLAIL
SynAvi23413,VOLAIL
SynAvi24426,VOLAIL
SynBoi20364,COMEXT|BOISECO
SynBoi21371,COMEXT|BOISECO
SynBoi22390,BOISECO|COMEXT
SynBoi23407,RESFOR|BOISECO|PRIX
SynCex20355,COMEXT
SynCex21368,COMEXT
SynCex22386,COMEXT
SynCex23402,COMEXT
SynCex24419,COMEXT
SynCex24420,COMEXT
SynCex25435,COMEXT
SynCon21376,ALIMCOMP
SynCpr22385,PRIX
SynCpr23403,PRIX
SynCpr24423,PRIX
SynCpr25436,PRIX
SynCsm20359,ALIMCOMP|TOUTCHEP
SynCsm22394,ALIMCOMP
SynCsm23412,ALIMCOMP
SynCsm24424,ALIMCOMP
SynCsm25443,ALIMCOMP
SynFru20356,FRUIT
SynFru20361,FRUIT
SynFru21370,FRUIT
SynFru21381,FRUIT
SynFru22388,FRUIT
SynFru22398,FRUIT
SynFru23405,FRUIT
SynFru23414,FRUIT
SynFru24421,FRUIT
SynFru24431,FRUIT
SynGcu21367,GC
SynGcu21375,GC
SynGcu21380,GC
SynGcu22391,GC
SynGcu22397,GC
SynGcu23400,GC
SynGcu23411,GC
SynGcu23415,GC
SynGcu24422,GC
SynGcu24427,GC
SynGcu24432,GC
SynGcu25437,GC
SynGcu25441,GC
SynGcu25445,GC
SynIaa20358,AGROALIM
SynIaa20363,AGROALIM
SynIAA21372,AGROALIM
SynIaa22384,AGROALIM|PRIX
SynIaa22392,AGROALIM
SynIaa22396,AGROALIM
SynIaa23409,AGROALIM
SynIaa23417,AGROALIM
SynIaa25444,AGROALIM
SynLai21374,LAIT
SynLai22395,LAIT
SynLai23408,LAIT
SynLai24425,LAIT
SynLai25442,LAIT
SynLait20357,LAIT
SynLeg20360,LEGUME
SynLeg20362,LEGUME
SynLeg21379,LEGUME
SynLeg21382,LEGUME
SynVit20353,VITI
SynVit21366,VITI
SynVit22383,VITI
SynVit23401,VITI
SynVit24418,VITI
SynVit25434,VITI
TbdBoi1909,PRIX|BOISECO
TbdBoi1911,PRIX|BOISECO
TbdBoi1912,BOISECO
TbdBoi2002,PRIX|BOISECO
TbdBoi2004,BOISECO
TbdBoi2005,PRIX|BOISECO
TbdBoi2006,COMMER|FERTI|TIC|LAIT|SOQO|IAAENV|TOUTCHEP|EAU|BIO|AIDE|PROT|CLIMAT|ALIMSECU|VEILLE|AUTANI|EVALPOL|PRAELEV|RESECO|PORC|ANASOC|ANAECO|BOVIN|HORTI|SANTE|COMEXT|SOCIO|TISSU|AGROFORM|RESFOR|AGROENV|IAAECO|AUTPRA|FRUIT|TOUTCULT|STATUT|VITI|BOISECO|TAILLE|CAPOV|VOLAIL|PROSP|AGROEMP|AQUAECO|EQUIP|COMPINT|LEGUME|ALIMCOMP|IAAFIL|FOURRAGE|GC|PRIX|AGROINST|COMPTES|RECBOIS|GRAMEM|AGROALIM|EXFOSCI|NRJ|SOL
TbdBoi2008,PRIX|BOISECO
TbdBoi2012,PRIX|BOISECO
TbdBoi2102,PRIX|BOISECO
TbdBoi2106,PRIX|BOISECO
TbdBoi2106-1,PRIX|BOISECO
TbdBoi2109,PRIX|BOISECO
TbdBoi2112,PRIX|BOISECO
TbdBoi2203,PRIX|BOISECO
TbdBoi2204,PRIX|BOISECO
TbdBoi2205,PRIX|BOISECO
TbdBoi2209,PRIX|BOISECO
TbdBoi2211,PRIX|BOISECO
TbdBoi2212,PRIX|BOISECO
TbdBoi2302,PRIX|BOISECO
TbdBoi2306,PRIX|BOISECO
TbdBoi230607,PRIX|BOISECO
TbdBoi2309,PRIX|BOISECO
TbdBoi2310,PRIX|BOISECO
TbdBoi2312,PRIX|BOISECO
TbdBoi2403,PRIX|BOISECO
TbdBoi2405,PRIX|BOISECO
TbdBoi2406,PRIX|BOISECO
TbdBoi2410,PRIX|BOISECO
TbdBoi2411,PRIX|BOISECO
TbdBoi2412,PRIX|BOISECO
TbdBoi2501,PRIX|BOISECO
TbdBoi2503,PRIX|BOISECO
TbdBoi2506,PRIX|BOISECO
TbdBoi2509,PRIX|BOISECO
TbdBoi2511,PRIX|BOISECO
TbdBoi2512,PRIX|BOISECO
TbdBoi2601,PRIX|BOISECO
TbdCEB2505,BOISECO|COMEXT
TbdCex2203,COMEXT
TbdCex2304,COMEXT
TbdCex2405,COMEXT
TbdCex2504,COMEXT
TbdCpr2002,PRIX
TbdCpr2202,PRIX
TbdCpr2203,PRIX
TbdCpr2204,PRIX
TbdCpr2205,PRIX
TbdCpr2206,PRIX
TbdCpr2207,PRIX
TbdCpr2208,PRIX
TbdCpr2209,PRIX
TbdCpr2210,PRIX
TbdCpr2211,PRIX
TbdCpr2212,PRIX
TbdCpr2301,PRIX
TbdCpr2302,PRIX
TbdCpr2303,PRIX
TbdCpr2304,PRIX
TbdCpr2305,PRIX
TbdCpr2306,PRIX
TbdCpr2307,PRIX
TbdCpr2309,PRIX
TbdCpr2310,PRIX
TbdCpr2311,PRIX
TbdCpr2312,PRIX
TbdCpr2401,PRIX
TbdCpr2402,PRIX
TbdCpr2403,PRIX
TbdCpr2404,PRIX
TbdCpr2405,PRIX
TbdCpr2406,PRIX
TbdCpr2407,PRIX
TbdCpr2408,PRIX
TbdCpr2501,PRIX
TbdCpr2502,PRIX
TbdCpr2503,PRIX
TbdCpr2504,PRIX
TbdCpr2505,PRIX
TbdCpr2506,PRIX
TbdCpr2507,PRIX
TbdCpr2509,PRIX
TbdCpr2510,PRIX
TbdCpr2511,PRIX
TbdCpr2512,PRIX
TbdCpr2601,PRIX
TbdCpr2602,PRIX
TbdVit335,COMEXT
VeiAli1411,VEILLE
VeiAli1501,VEILLE
VeiAli1504,VEILLE
VeiAli1506,VEILLE
VeiAli1509,VEILLE
VeiAli1605,VEILLE
VeiAli1609,VEILLE
VeiAli1611,VEILLE
VeiAli1701,VEILLE
VeiAli1703,VEILLE
VeiAli1708,VEILLE|PROSP|EVALPOL
VeiAli1709,VEILLE|PROSP|EVALPOL
VeiAli1803,VEILLE|PROSP|EVALPOL
VeiAli1806,VEILLE|PROSP|EVALPOL
VeiAli1809,VEILLE|PROSP|EVALPOL
VeiAli1812,VEILLE|PROSP|EVALPOL
VeiAli1903,VEILLE|PROSP|EVALPOL
VeiCEP1702,VEILLE|PROSP|EVALPOL
VeiCEP1705,VEILLE|PROSP|EVALPOL
VeiCEP1706,VEILLE|PROSP|EVALPOL
VeiCEP1707,VEILLE|PROSP|EVALPOL
VeiCEP1709,VEILLE|PROSP|EVALPOL
VeiCEP1710,VEILLE|PROSP|EVALPOL
VeiCEP1711,VEILLE|PROSP|EVALPOL
VeiCEP1712,VEILLE|PROSP|EVALPOL
VeiCEP1801,VEILLE|PROSP|EVALPOL
VeiCEP1802,VEILLE|PROSP|EVALPOL
VeiCEP1803,VEILLE|PROSP|EVALPOL
VeiCEP1804,VEILLE|PROSP|EVALPOL
VeiCEP1805,VEILLE|PROSP|EVALPOL
VeiCEP1806,VEILLE|PROSP|EVALPOL
VeiCEP1807,VEILLE|PROSP|EVALPOL
VeiCEP1809,VEILLE|PROSP|EVALPOL
VeiCEP1810,VEILLE|PROSP|EVALPOL
VeiCEP1811,VEILLE|PROSP|EVALPOL
VeiCEP1812,VEILLE|PROSP|EVALPOL
VeiCEP1901,VEILLE|PROSP|EVALPOL
VeiCEP1902,VEILLE|PROSP|EVALPOL
VeiCEP1903,VEILLE|PROSP|EVALPOL
VeiCEP1904,VEILLE|PROSP|EVALPOL
VeiCEP1905,VEILLE|PROSP|EVALPOL
VeiCEP1906,VEILLE|PROSP|EVALPOL
VeiCEP1907,VEILLE|PROSP|EVALPOL
VeiCEP1909,VEILLE|PROSP|EVALPOL
VeiCEP1910,VEILLE|PROSP|EVALPOL
VeiCEP1911,VEILLE|PROSP|EVALPOL
VeiCEP1912,VEILLE|PROSP|EVALPOL
VeiCEP2001,VEILLE|PROSP|EVALPOL
VeiCEP2002,VEILLE|PROSP|EVALPOL
VeiCEP2003,VEILLE|PROSP|EVALPOL
VeiCEP2004,VEILLE|PROSP|EVALPOL
VeiCEP2005,VEILLE|PROSP|EVALPOL
VeiCEP2006,VEILLE|PROSP|EVALPOL
VeiCEP2007,VEILLE|PROSP|EVALPOL
VeiCEP2009,VEILLE|PROSP|EVALPOL
VeiCEP2010,VEILLE|PROSP|EVALPOL
VeiCEP2011,VEILLE|PROSP|EVALPOL
VeiCEP2012,VEILLE|PROSP|EVALPOL
VeiCEP201207,VEILLE
VeiCEP201210,VEILLE
VeiCEP201211,VEILLE
VeiCEP201301,VEILLE
VeiCEP201302,VEILLE
VeiCEP201303,VEILLE
VeiCEP201304,VEILLE
VeiCEP201305,VEILLE
VeiCEP201306,VEILLE
VeiCEP201307,VEILLE
VeiCEP201309,VEILLE
VeiCEP201310,VEILLE
VeiCEP201311,VEILLE
VeiCEP201312,VEILLE
VeiCEP201401,VEILLE
VeiCEP201402,VEILLE
VeiCEP201403,VEILLE
VeiCEP201404,VEILLE
VeiCEP201406,VEILLE
VeiCEP201407,VEILLE
VeiCEP201409,VEILLE
VeiCEP201410,VEILLE
VeiCEP201411,VEILLE
VeiCEP201412,VEILLE
VeiCEP201501,VEILLE
VeiCEP201502,VEILLE
VeiCEP201503,VEILLE
VeiCEP201504,VEILLE
VeiCEP201505,VEILLE
VeiCEP201506,VEILLE
VeiCEP201509,VEILLE
VeiCEP201510,VEILLE
VeiCEP201511,VEILLE
VeiCEP201512,VEILLE
VeiCEP201601,VEILLE
VeiCEP201602,VEILLE
VeiCEP201603,VEILLE
VeiCEP201604,VEILLE
VeiCEP201605,VEILLE
VeiCEP201606,VEILLE
VeiCEP201607,VEILLE
VeiCEP201609,VEILLE
VeiCEP201610,VEILLE
VeiCEP201611,VEILLE
VeiCEP201612,VEILLE
VeiCEP201701,VEILLE
VeiCEP201703,VEILLE
VeiCEP201704,VEILLE
VeiCEP2101,VEILLE|PROSP|EVALPOL
VeiCEP2102,VEILLE|PROSP|EVALPOL
VeiCEP2103,VEILLE|PROSP|EVALPOL
VeiCEP2104,VEILLE|PROSP|EVALPOL
VeiCEP2105,VEILLE|PROSP|EVALPOL
VeiCEP2106,VEILLE|PROSP|EVALPOL
VeiCEP2107,PROSP|VEILLE|EVALPOL
VeiCEP2109,VEILLE|PROSP|EVALPOL
VeiCEP2110,VEILLE|PROSP|EVALPOL
VeiCEP2111,VEILLE|PROSP|EVALPOL
VeiCEP2112,VEILLE|PROSP|EVALPOL
VeiCEP2201,VEILLE|PROSP|EVALPOL
VeiCEP2202,VEILLE|PROSP|EVALPOL
VeiCEP2203,VEILLE|PROSP|EVALPOL
VeiCEP2204,VEILLE|PROSP|EVALPOL
VeiCEP2205,VEILLE|PROSP|EVALPOL
VeiCEP2206,VEILLE|PROSP|EVALPOL
VeiCEP2207,VEILLE|PROSP|EVALPOL
VeiCEP2209,VEILLE|PROSP|EVALPOL
VeiCEP2210,VEILLE|PROSP|EVALPOL
VeiCEP2211,VEILLE|PROSP|EVALPOL
VeiCEP2212,VEILLE|PROSP|EVALPOL
VeiCEP2301,VEILLE|PROSP|EVALPOL
VeiCEP2302,VEILLE|PROSP|EVALPOL
VeiCEP2303,VEILLE|PROSP|EVALPOL
VeiCEP2304,VEILLE|PROSP|EVALPOL
VeiCEP2305,VEILLE|PROSP|EVALPOL
VeiCEP2306,VEILLE|PROSP|EVALPOL
VeiCEP2307,VEILLE|PROSP|EVALPOL
VeiCEP2309,VEILLE|PROSP|EVALPOL
VeiCEP2310,VEILLE|PROSP|EVALPOL
VeiCEP2311,VEILLE|PROSP|EVALPOL
VeiCEP2401,VEILLE|PROSP|EVALPOL
VeiCEP2402,VEILLE|PROSP|EVALPOL
VeiCEP2403,VEILLE|PROSP|EVALPOL
VeiCEP2404,VEILLE|PROSP|EVALPOL
VeiCEP2405,VEILLE|PROSP|EVALPOL
VeiCEP2406,VEILLE|PROSP|EVALPOL
VeiCEP2407,VEILLE|PROSP|EVALPOL
VeiCEP2409,VEILLE|PROSP|EVALPOL
VeiCEP2410,VEILLE|PROSP|EVALPOL
VeiCEP2411,VEILLE|PROSP|EVALPOL
VeiCEP2412,VEILLE|PROSP|EVALPOL
VeiCEP2501,VEILLE|PROSP|EVALPOL
VeiCEP2502,VEILLE|PROSP|EVALPOL
VeiCEP2503,VEILLE|PROSP|EVALPOL
VeiCEP2504,VEILLE|PROSP|EVALPOL
VeiCEP2505,VEILLE|PROSP|EVALPOL
VeiCEP2506,VEILLE|PROSP|EVALPOL
VeiCEP2507,VEILLE|PROSP|EVALPOL
VeiCEP2509,VEILLE|PROSP|EVALPOL
VeiCEP2510,VEILLE|PROSP|EVALPOL
VeiCEP2511,VEILLE|PROSP|EVALPOL
VeiCEP2512,VEILLE|PROSP|EVALPOL
VeiCEP2601,VEILLE|PROSP|EVALPOL
VeiCEP2602,VEILLE|PROSP|EVALPOL
VeiSoc2205,VEILLE
VeiSoc2206,VEILLE
VeiSoc2209,VEILLE
VeiSoc2210,VEILLE
VeiSoc2211,VEILLE
VeiSoc2301,VEILLE
VeiSoc2302,VEILLE
VeiSoc2303,VEILLE
VeiSoc2304,VEILLE
VeiSoc2305,VEILLE
VeiSoc2306,VEILLE
VeiSoc2309,VEILLE
VeiSoc2310,VEILLE
VeiSoc2311,VEILLE
VeiSoc2401,VEILLE
VeiSoc2402,VEILLE
VeiSoc2403,VEILLE
VeiSoc2404,VEILLE
VeiSoc2405,VEILLE
VeiSoc2406,VEILLE
VeiSoc2409,VEILLE
VeiSoc2410,VEILLE
VeiSoc2411,VEILLE
VeiSoc2501,VEILLE
VeiSoc2502,VEILLE
VeiSoc2503,VEILLE
VeiSoc2504,VEILLE
VeiSoc2505,VEILLE
VeiSoc2506,VEILLE
VeiSoc2509,VEILLE
VeiSoc2510,VEILLE
VeiSoc2601,VEILLE
VeiTec2205,VEILLE
VeiTec2206,VEILLE
VeiTec2209,VEILLE
VeiTec2210,VEILLE
VeiTec2211,VEILLE
VeiTec2301,VEILLE
VeiTec2302,VEILLE
VeiTec2303,VEILLE
VeiTec2304,VEILLE
VeiTec2305,VEILLE
VeiTec2306,VEILLE
VeiTec2309,VEILLE
VeiTec2310,VEILLE
VeiTec2311,VEILLE
VeiTec2401,VEILLE
VeiTec2402,VEILLE
VeiTec2403,VEILLE
VeiTec2404,VEILLE
VeiTec2405,VEILLE
VeiTec2406,VEILLE
VeiTec2409,VEILLE
VeiTec2410,VEILLE
VeiTec2411,VEILLE
VeiTec2501,VEILLE
VeiTec2502,VEILLE
VeiTec2503,VEILLE
VeiTec2504,VEILLE
VeiTec2505,VEILLE
VeiTec2506,VEILLE
VeiTec2509,VEILLE
VeiTec2510,VEILLE
VeiTec2511,VEILLE
VeiTec2601,VEILLE
